[
{
    "model": "auth.group",
    "pk": 1,
    "fields": {
        "name": "Sales",
        "permissions": [
            [
                "add_client",
                "rpp_test_tables",
                "client"
            ],
            [
                "add_contract",
                "rpp_test_tables",
                "contract"
            ],
            [
                "change_contract",
                "rpp_test_tables",
                "contract"
            ],
            [
                "add_product",
                "rpp_test_tables",
                "product"
            ],
            [
                "change_product",
                "rpp_test_tables",
                "product"
            ],
            [
                "delete_product",
                "rpp_test_tables",
                "product"
            ]
        ]
    }
},
{
    "model": "auth.group",
    "pk": 2,
    "fields": {
        "name": "Client",
        "permissions": []
    }
},
{
    "model": "auth.group",
    "pk": 3,
    "fields": {
        "name": "retention_analyst",
        "permissions": []
    }
},
{
    "model": "auth.user",
    "pk": 1,
    "fields": {
        "password": "pbkdf2_sha256$36000$t2vjpBqubh2x$DjWUgSqb67GNzrBfwAL1rGgxu6ZoIAG/PgUw4WpPiaM=",
        "last_login": "2017-07-25T02:01:41.059Z",
        "is_superuser": true,
        "username": "admin",
        "first_name": "",
        "last_name": "",
        "email": "",
        "is_staff": true,
        "is_active": true,
        "date_joined": "2017-05-17T18:35:09.660Z",
        "groups": [],
        "user_permissions": []
    }
},
{
    "model": "auth.user",
    "pk": 2,
    "fields": {
        "password": "pbkdf2_sha256$36000$2uRL7QhLbMBc$EbVVqkzBWUjOtvc8lxZRSoPopLIC7VdC5AJtu8aQfZo=",
        "last_login": "2017-07-13T15:32:23.766Z",
        "is_superuser": false,
        "username": "testUser",
        "first_name": "",
        "last_name": "",
        "email": "",
        "is_staff": false,
        "is_active": true,
        "date_joined": "2017-05-17T18:36:11.417Z",
        "groups": [],
        "user_permissions": []
    }
},
{
    "model": "auth.user",
    "pk": 3,
    "fields": {
        "password": "pbkdf2_sha256$36000$pqFbiKTv1mGm$mqSGIVVJzS/5jDOvEN68mjQiAZGVJSfJuKCGc3WVo1E=",
        "last_login": "2017-07-18T14:43:50.593Z",
        "is_superuser": false,
        "username": "testSales",
        "first_name": "",
        "last_name": "",
        "email": "",
        "is_staff": false,
        "is_active": true,
        "date_joined": "2017-05-18T15:15:01Z",
        "groups": [
            [
                "Sales"
            ]
        ],
        "user_permissions": []
    }
},
{
    "model": "auth.user",
    "pk": 4,
    "fields": {
        "password": "pbkdf2_sha256$36000$Mp2BHPvow592$XKHjZ6MCkSRUWiBl+dMv0BkDU2bH6I7tWftDCBvKoV4=",
        "last_login": "2017-07-11T15:17:28.852Z",
        "is_superuser": false,
        "username": "testUser2",
        "first_name": "",
        "last_name": "",
        "email": "",
        "is_staff": false,
        "is_active": true,
        "date_joined": "2017-05-22T14:17:46.132Z",
        "groups": [],
        "user_permissions": []
    }
},
{
    "model": "auth.user",
    "pk": 6,
    "fields": {
        "password": "pbkdf2_sha256$36000$aTsrGZCG0nqk$7atxw9UBEA4y7MwBHw9DS4uA4wuNiMgOvogblRPeR94=",
        "last_login": "2017-06-02T13:07:05.474Z",
        "is_superuser": false,
        "username": "retAnalyst",
        "first_name": "",
        "last_name": "",
        "email": "",
        "is_staff": false,
        "is_active": true,
        "date_joined": "2017-05-30T15:09:32.546Z",
        "groups": [],
        "user_permissions": []
    }
},
{
    "model": "auth.user",
    "pk": 7,
    "fields": {
        "password": "pbkdf2_sha256$36000$b4CLqRTtJWzB$2TIxFnkvGF39UmJEaMqQFhwop/HLxYEPiAyCov2aniw=",
        "last_login": "2017-07-14T18:51:35.135Z",
        "is_superuser": false,
        "username": "salesAccount2",
        "first_name": "",
        "last_name": "",
        "email": "",
        "is_staff": false,
        "is_active": true,
        "date_joined": "2017-05-30T16:14:43Z",
        "groups": [
            [
                "Sales"
            ]
        ],
        "user_permissions": []
    }
},
{
    "model": "auth.user",
    "pk": 36,
    "fields": {
        "password": "pbkdf2_sha256$36000$qVA81krK8Ux1$u8MgLk2/xMC2TmG5ahTlGjYLKlFFJF4extX1crbB7Dg=",
        "last_login": "2017-07-05T13:50:56.614Z",
        "is_superuser": false,
        "username": "bmw_user",
        "first_name": "",
        "last_name": "",
        "email": "",
        "is_staff": false,
        "is_active": true,
        "date_joined": "2017-06-22T18:13:14.795Z",
        "groups": [
            [
                "Client"
            ]
        ],
        "user_permissions": []
    }
},
{
    "model": "sessions.session",
    "pk": "8vfshyky1z6kgm9d3xajes4pbxa33vbw",
    "fields": {
        "session_data": "N2NiMzE1ZWM4NmZiYTg2NzQ0ZmJkYjExNzhmMjM3NzdkYWM4OTkwZjp7Il9hdXRoX3VzZXJfYmFja2VuZCI6ImRqYW5nby5jb250cmliLmF1dGguYmFja2VuZHMuTW9kZWxCYWNrZW5kIiwiX2F1dGhfdXNlcl9oYXNoIjoiMDM5Y2Q2YmZiM2VjZTdlMjhlMTEzMzhkY2JlMjRjNGU0YWE2NzZlYiIsIl9hdXRoX3VzZXJfaWQiOiIxIn0=",
        "expire_date": "2017-08-08T02:01:41.165Z"
    }
},
{
    "model": "sessions.session",
    "pk": "iwgfu3hypbn4bk5xugc8jfa0uor0ssth",
    "fields": {
        "session_data": "NDRlOWIwZjAzZDVhMDExNzUxMWY1NDA1ZjA0YTBmNDBmYzM3NWYyNjp7Il9hdXRoX3VzZXJfYmFja2VuZCI6ImRqYW5nby5jb250cmliLmF1dGguYmFja2VuZHMuTW9kZWxCYWNrZW5kIiwiX2F1dGhfdXNlcl9pZCI6IjEiLCJfYXV0aF91c2VyX2hhc2giOiIwMzljZDZiZmIzZWNlN2UyOGUxMTMzOGRjYmUyNGM0ZTRhYTY3NmViIn0=",
        "expire_date": "2017-06-05T16:43:16.021Z"
    }
},
{
    "model": "sessions.session",
    "pk": "qty8jhaocf0o071x4vzu6u3qbe3y61e6",
    "fields": {
        "session_data": "N2NiMzE1ZWM4NmZiYTg2NzQ0ZmJkYjExNzhmMjM3NzdkYWM4OTkwZjp7Il9hdXRoX3VzZXJfYmFja2VuZCI6ImRqYW5nby5jb250cmliLmF1dGguYmFja2VuZHMuTW9kZWxCYWNrZW5kIiwiX2F1dGhfdXNlcl9oYXNoIjoiMDM5Y2Q2YmZiM2VjZTdlMjhlMTEzMzhkY2JlMjRjNGU0YWE2NzZlYiIsIl9hdXRoX3VzZXJfaWQiOiIxIn0=",
        "expire_date": "2017-08-03T13:57:03.413Z"
    }
},
{
    "model": "sessions.session",
    "pk": "wt0drep8qpxvmrvu0qcwns6rxm39alyu",
    "fields": {
        "session_data": "YWMzMWQ5M2U0OTYxMWM2OWFmZDU2Mzc3MWVlZTM4NDc1MTM2ZDIyMjp7Il9hdXRoX3VzZXJfaWQiOiIxIiwiX2F1dGhfdXNlcl9iYWNrZW5kIjoiZGphbmdvLmNvbnRyaWIuYXV0aC5iYWNrZW5kcy5Nb2RlbEJhY2tlbmQiLCJfYXV0aF91c2VyX2hhc2giOiIwMzljZDZiZmIzZWNlN2UyOGUxMTMzOGRjYmUyNGM0ZTRhYTY3NmViIn0=",
        "expire_date": "2017-07-26T16:36:01.565Z"
    }
},
{
    "model": "sessions.session",
    "pk": "x28gvn2wra7rc4xtue5wiw55p8dubm3t",
    "fields": {
        "session_data": "MzRiMWFmNjZlZWE0MTc1NTFiYzJmZWI4ZmY5MzAwMzU5YWVkOGYyZjp7Il9hdXRoX3VzZXJfaGFzaCI6IjAzOWNkNmJmYjNlY2U3ZTI4ZTExMzM4ZGNiZTI0YzRlNGFhNjc2ZWIiLCJfYXV0aF91c2VyX2lkIjoiMSIsIl9hdXRoX3VzZXJfYmFja2VuZCI6ImRqYW5nby5jb250cmliLmF1dGguYmFja2VuZHMuTW9kZWxCYWNrZW5kIn0=",
        "expire_date": "2017-08-03T14:39:34.434Z"
    }
},
{
    "model": "sessions.session",
    "pk": "x8omabctyvrixq8jkw786sfmnu7gzem3",
    "fields": {
        "session_data": "M2I1Mzk3ODMyMjA1MGNjZjFkYTkwMTI2YjA5Yjk2ZmUwZGY2YjExNzp7Il9hdXRoX3VzZXJfYmFja2VuZCI6ImRqYW5nby5jb250cmliLmF1dGguYmFja2VuZHMuTW9kZWxCYWNrZW5kIiwiX2F1dGhfdXNlcl9pZCI6IjQiLCJfYXV0aF91c2VyX2hhc2giOiIyNjAwOTA0ODA1M2I2NWM5YjhkNTljYjdiZjZhYjFlYmMzY2M1NjE0In0=",
        "expire_date": "2017-06-16T13:11:02.133Z"
    }
},
{
    "model": "sessions.session",
    "pk": "yby0ofkxma1b4u6ijjkook0sckhx1byr",
    "fields": {
        "session_data": "NDRlOWIwZjAzZDVhMDExNzUxMWY1NDA1ZjA0YTBmNDBmYzM3NWYyNjp7Il9hdXRoX3VzZXJfYmFja2VuZCI6ImRqYW5nby5jb250cmliLmF1dGguYmFja2VuZHMuTW9kZWxCYWNrZW5kIiwiX2F1dGhfdXNlcl9pZCI6IjEiLCJfYXV0aF91c2VyX2hhc2giOiIwMzljZDZiZmIzZWNlN2UyOGUxMTMzOGRjYmUyNGM0ZTRhYTY3NmViIn0=",
        "expire_date": "2017-08-08T01:57:44.481Z"
    }
},
{
    "model": "rpp_test_tables.salesaccount",
    "pk": 1,
    "fields": {
        "name": "Salesperson",
        "retention_analyst": 1,
        "email": "email.com",
        "vendors": [
            2,
            4
        ]
    }
},
{
    "model": "rpp_test_tables.salesaccount",
    "pk": 2,
    "fields": {
        "name": "Mr. Sales",
        "retention_analyst": 1,
        "email": "email.com",
        "vendors": [
            2,
            3,
            4
        ]
    }
},
{
    "model": "rpp_test_tables.salesuser",
    "pk": 2,
    "fields": {
        "user": [
            "testSales"
        ],
        "sales_account": 1,
        "cell": "555-555-5555"
    }
},
{
    "model": "rpp_test_tables.historicalclient",
    "pk": 1,
    "fields": {
        "id": 3,
        "name": "Aerotek",
        "cell_num": "444-444-4444",
        "lead_product": "Cisco",
        "phone": "155-515-9616",
        "status": true,
        "address": "4124 Commerce Ave",
        "city": "Melville",
        "state": "NY",
        "country": "USA",
        "zip_code": "11581",
        "website": "aerotek.com",
        "web_admin": "Dan Katz",
        "web_admin_cell": "655-551-9158",
        "correspondence_signature": "Tim Quinn",
        "correspondence_signature_title": "General Manager",
        "correspondence_phone": "414-141-4444",
        "correspondence_contact_one": "Tim Quinn",
        "correspondence_contact_two": null,
        "correspondence_email": "tquinn@rpp.com",
        "copy_emails_to_portal_list": null,
        "list_discount": "1.5",
        "list_discount_international": "1.2",
        "service_discount": "1.1",
        "override_sales_tax": 0.0625,
        "discount_off_list_percent": 0.15,
        "rate_factor_year": 0.019,
        "rate_factor_two_year": 0.039,
        "rate_factor_three_year": 0.059,
        "residual_value": 1.0,
        "aquisition_fee": 200.0,
        "rate_factor_increase": 1.5,
        "updated_at": "2017-07-13T14:16:30.591Z",
        "last_changed_by": null,
        "email_address_salesperson": "sales@rpp.com",
        "created_at": "2017-06-21T15:11:43.172Z",
        "added_by": [
            "admin"
        ],
        "history_date": "2017-07-13T14:16:30.657Z",
        "history_change_reason": null,
        "history_user": [
            "admin"
        ],
        "history_type": "~"
    }
},
{
    "model": "rpp_test_tables.historicalclient",
    "pk": 2,
    "fields": {
        "id": 3,
        "name": "Aerotek",
        "cell_num": "444-444-5555",
        "lead_product": "Cisco",
        "phone": "155-515-9616",
        "status": true,
        "address": "4124 Commerce Ave",
        "city": "Melville",
        "state": "NY",
        "country": "USA",
        "zip_code": "11581",
        "website": "aerotek.com",
        "web_admin": "Dan Katz",
        "web_admin_cell": "655-551-9158",
        "correspondence_signature": "Tim Quinn",
        "correspondence_signature_title": "General Manager",
        "correspondence_phone": "414-141-4444",
        "correspondence_contact_one": "Tim Quinn",
        "correspondence_contact_two": null,
        "correspondence_email": "tquinn@rpp.com",
        "copy_emails_to_portal_list": null,
        "list_discount": "1.5",
        "list_discount_international": "1.2",
        "service_discount": "1.1",
        "override_sales_tax": 0.0625,
        "discount_off_list_percent": 0.15,
        "rate_factor_year": 0.019,
        "rate_factor_two_year": 0.039,
        "rate_factor_three_year": 0.059,
        "residual_value": 1.0,
        "aquisition_fee": 200.0,
        "rate_factor_increase": 1.5,
        "updated_at": "2017-07-13T14:17:47.501Z",
        "last_changed_by": null,
        "email_address_salesperson": "sales@rpp.com",
        "created_at": "2017-06-21T15:11:43.172Z",
        "added_by": [
            "admin"
        ],
        "history_date": "2017-07-13T14:17:47.531Z",
        "history_change_reason": null,
        "history_user": [
            "admin"
        ],
        "history_type": "~"
    }
},
{
    "model": "rpp_test_tables.historicalclient",
    "pk": 3,
    "fields": {
        "id": 3,
        "name": "Aerotek",
        "cell_num": "444-333-6666",
        "lead_product": "Cisco",
        "phone": "155-515-9616",
        "status": true,
        "address": "4124 Commerce Ave",
        "city": "Melville",
        "state": "NY",
        "country": "USA",
        "zip_code": "11581",
        "website": "aerotek.com",
        "web_admin": "Dan Katz",
        "web_admin_cell": "655-551-9158",
        "correspondence_signature": "Tim Quinn",
        "correspondence_signature_title": "General Manager",
        "correspondence_phone": "414-141-4444",
        "correspondence_contact_one": "Tim Quinn",
        "correspondence_contact_two": null,
        "correspondence_email": "tquinn@rpp.com",
        "copy_emails_to_portal_list": null,
        "list_discount": "1.5",
        "list_discount_international": "1.2",
        "service_discount": "1.1",
        "override_sales_tax": 0.0625,
        "discount_off_list_percent": 0.15,
        "rate_factor_year": 0.019,
        "rate_factor_two_year": 0.039,
        "rate_factor_three_year": 0.059,
        "residual_value": 1.0,
        "aquisition_fee": 200.0,
        "rate_factor_increase": 1.5,
        "updated_at": "2017-07-13T18:19:48.311Z",
        "last_changed_by": null,
        "email_address_salesperson": "sales@rpp.com",
        "created_at": "2017-06-21T15:11:43.172Z",
        "added_by": [
            "admin"
        ],
        "history_date": "2017-07-13T18:19:48.391Z",
        "history_change_reason": null,
        "history_user": [
            "admin"
        ],
        "history_type": "~"
    }
},
{
    "model": "rpp_test_tables.client",
    "pk": 1,
    "fields": {
        "name": "website.com",
        "cell_num": "444-444-4444",
        "lead_product": "Cisco",
        "phone": "155-515-9616",
        "status": true,
        "address": "1010 TestUser Rd.",
        "city": "Charlotte",
        "state": "NC",
        "country": "USA",
        "zip_code": "29601",
        "website": "website.com",
        "web_admin": "Tyler Monk",
        "web_admin_cell": "524-456-5988",
        "correspondence_signature": "Tim Quinn",
        "correspondence_signature_title": "General Manager",
        "correspondence_phone": "414-141-4444",
        "correspondence_contact_one": "Tim Quinn",
        "correspondence_contact_two": null,
        "correspondence_email": "tquinn@rpp.com",
        "copy_emails_to_portal_list": null,
        "list_discount": null,
        "list_discount_international": null,
        "service_discount": null,
        "override_sales_tax": 0.0625,
        "discount_off_list_percent": 0.15,
        "rate_factor_year": 0.019,
        "rate_factor_two_year": 0.039,
        "rate_factor_three_year": 0.059,
        "residual_value": 1.0,
        "aquisition_fee": 200.0,
        "rate_factor_increase": 1.2,
        "updated_at": "2017-06-27T16:26:01.634Z",
        "last_changed_by": "Connor Redmond",
        "email_address_salesperson": "sales@rpp.com",
        "created_at": "2017-06-21T15:11:43.156Z",
        "added_by": [
            "admin"
        ]
    }
},
{
    "model": "rpp_test_tables.client",
    "pk": 2,
    "fields": {
        "name": "ESPN",
        "cell_num": "444-444-4444",
        "lead_product": "Cisco",
        "phone": "155-515-9616",
        "status": true,
        "address": "515 IBM St.",
        "city": "Greenville",
        "state": "SC",
        "country": "USA",
        "zip_code": "29601",
        "website": "espn.com",
        "web_admin": "Wayne Tables",
        "web_admin_cell": "155-515-6161",
        "correspondence_signature": "Tim Quinn",
        "correspondence_signature_title": "General Manager",
        "correspondence_phone": "414-141-4444",
        "correspondence_contact_one": "Mike Jones",
        "correspondence_contact_two": "Phil Jones",
        "correspondence_email": "tquinn@rpp.com",
        "copy_emails_to_portal_list": null,
        "list_discount": ".05",
        "list_discount_international": ".069",
        "service_discount": ".07",
        "override_sales_tax": 0.0625,
        "discount_off_list_percent": 0.15,
        "rate_factor_year": 0.019,
        "rate_factor_two_year": 0.039,
        "rate_factor_three_year": 0.059,
        "residual_value": 1.0,
        "aquisition_fee": 200.0,
        "rate_factor_increase": 0.04,
        "updated_at": "2017-06-27T15:15:34.091Z",
        "last_changed_by": null,
        "email_address_salesperson": "sales@rpp.com",
        "created_at": "2017-06-21T15:11:43.165Z",
        "added_by": [
            "admin"
        ]
    }
},
{
    "model": "rpp_test_tables.client",
    "pk": 3,
    "fields": {
        "name": "Aerotek",
        "cell_num": "444-333-6666",
        "lead_product": "Cisco",
        "phone": "155-515-9616",
        "status": true,
        "address": "4124 Commerce Ave",
        "city": "Melville",
        "state": "NY",
        "country": "USA",
        "zip_code": "11581",
        "website": "aerotek.com",
        "web_admin": "Dan Katz",
        "web_admin_cell": "655-551-9158",
        "correspondence_signature": "Tim Quinn",
        "correspondence_signature_title": "General Manager",
        "correspondence_phone": "414-141-4444",
        "correspondence_contact_one": "Tim Quinn",
        "correspondence_contact_two": null,
        "correspondence_email": "tquinn@rpp.com",
        "copy_emails_to_portal_list": null,
        "list_discount": "1.5",
        "list_discount_international": "1.2",
        "service_discount": "1.1",
        "override_sales_tax": 0.0625,
        "discount_off_list_percent": 0.15,
        "rate_factor_year": 0.019,
        "rate_factor_two_year": 0.039,
        "rate_factor_three_year": 0.059,
        "residual_value": 1.0,
        "aquisition_fee": 200.0,
        "rate_factor_increase": 1.5,
        "updated_at": "2017-07-13T18:19:48.311Z",
        "last_changed_by": null,
        "email_address_salesperson": "sales@rpp.com",
        "created_at": "2017-06-21T15:11:43.172Z",
        "added_by": [
            "admin"
        ]
    }
},
{
    "model": "rpp_test_tables.client",
    "pk": 4,
    "fields": {
        "name": "BMW",
        "cell_num": "864-144-1414",
        "lead_product": "Cisco",
        "phone": "864-424-1401",
        "status": true,
        "address": "200 BMW Street",
        "city": "Greenville",
        "state": "SC",
        "country": "USA",
        "zip_code": "29601",
        "website": "bmw.com",
        "web_admin": "Glen Edwards",
        "web_admin_cell": "515-151-1515",
        "correspondence_signature": "Darren Jones",
        "correspondence_signature_title": "Web Admin",
        "correspondence_phone": "864-1515-1111",
        "correspondence_contact_one": "Mike Smith",
        "correspondence_contact_two": "Mike Smith Jr",
        "correspondence_email": "djones@bmw.com",
        "copy_emails_to_portal_list": 1,
        "list_discount": null,
        "list_discount_international": ".04",
        "service_discount": ".05",
        "override_sales_tax": 1.0,
        "discount_off_list_percent": 1.0,
        "rate_factor_year": 0.02,
        "rate_factor_two_year": 0.04,
        "rate_factor_three_year": 0.06,
        "residual_value": 0.04,
        "aquisition_fee": 10.0,
        "rate_factor_increase": 2.0,
        "updated_at": "2017-07-12T19:54:18.732Z",
        "last_changed_by": null,
        "email_address_salesperson": "sales@rpp.com",
        "created_at": "2017-06-22T17:14:46.745Z",
        "added_by": [
            "admin"
        ]
    }
},
{
    "model": "rpp_test_tables.vendor",
    "pk": 1,
    "fields": {
        "name": "Cisco",
        "lead_product": "Cisco",
        "phone": "111-661-6015",
        "status": true,
        "address": "414 Cisco Rd.",
        "city": "Belleville",
        "state": "IL",
        "country": "USA",
        "zip_code": "74621",
        "website": "cisco.com"
    }
},
{
    "model": "rpp_test_tables.vendor",
    "pk": 2,
    "fields": {
        "name": "IBM",
        "lead_product": "IBM",
        "phone": "414-451-5555",
        "status": true,
        "address": "515 IBM St.",
        "city": "Belleville",
        "state": "IL",
        "country": "USA",
        "zip_code": "74621",
        "website": "ibm.com"
    }
},
{
    "model": "rpp_test_tables.vendor",
    "pk": 3,
    "fields": {
        "name": "Verizon",
        "lead_product": "Verizon",
        "phone": "414-114-1411",
        "status": true,
        "address": "4124 Verizon St.",
        "city": "Belleville",
        "state": "IL",
        "country": "USA",
        "zip_code": "74621",
        "website": "verizon.com"
    }
},
{
    "model": "rpp_test_tables.vendor",
    "pk": 4,
    "fields": {
        "name": "Presidio",
        "lead_product": "Cisco",
        "phone": "555-555-1141",
        "status": true,
        "address": "341 Presidio Lane",
        "city": "Belleville",
        "state": "IL",
        "country": "USA",
        "zip_code": "74621",
        "website": "presidio.com"
    }
},
{
    "model": "rpp_test_tables.manufacturer",
    "pk": 1,
    "fields": {
        "name": "Cisco",
        "address": "414 Cisco Rd.",
        "website": "cisco.com",
        "phone": "015-951-1885",
        "status": true,
        "logo": "cisco_logo.png"
    }
},
{
    "model": "rpp_test_tables.manufacturer",
    "pk": 2,
    "fields": {
        "name": "IBM",
        "address": "515 IBM St.",
        "website": "ibm.com",
        "phone": "141-655-1551",
        "status": true,
        "logo": "ibmpos_blue.jpg"
    }
},
{
    "model": "rpp_test_tables.manufacturer",
    "pk": 3,
    "fields": {
        "name": "Verizon",
        "address": "4124 Verizon St.",
        "website": "verizon.com",
        "phone": "151-515-5555",
        "status": true,
        "logo": "verizon_2015_logo_detail.png"
    }
},
{
    "model": "rpp_test_tables.partnumber",
    "pk": 1,
    "fields": {
        "manufacturer": 1,
        "desc": "A8 5000",
        "num": "34142",
        "end_of_service": "2020-01-01",
        "end_of_life": "2022-01-01",
        "end_of_support": "2021-01-01",
        "trade_value": null,
        "created_at": "2017-06-21"
    }
},
{
    "model": "rpp_test_tables.partnumber",
    "pk": 2,
    "fields": {
        "manufacturer": 1,
        "desc": "A33 L4000",
        "num": "59291",
        "end_of_service": "2020-01-01",
        "end_of_life": "2022-01-01",
        "end_of_support": "2021-01-01",
        "trade_value": null,
        "created_at": "2017-06-21"
    }
},
{
    "model": "rpp_test_tables.partnumber",
    "pk": 3,
    "fields": {
        "manufacturer": 1,
        "desc": "B5 000 l-10",
        "num": "930123",
        "end_of_service": "2020-01-01",
        "end_of_life": "2022-01-01",
        "end_of_support": "2021-01-01",
        "trade_value": null,
        "created_at": "2017-06-21"
    }
},
{
    "model": "rpp_test_tables.partnumber",
    "pk": 4,
    "fields": {
        "manufacturer": 1,
        "desc": "A5 6000",
        "num": "61235",
        "end_of_service": "2020-01-01",
        "end_of_life": "2022-01-01",
        "end_of_support": "2021-01-01",
        "trade_value": null,
        "created_at": "2017-06-21"
    }
},
{
    "model": "rpp_test_tables.partnumber",
    "pk": 5,
    "fields": {
        "manufacturer": 1,
        "desc": "B50 AMRAP -400",
        "num": "581616",
        "end_of_service": "2020-01-01",
        "end_of_life": "2022-01-01",
        "end_of_support": "2021-01-01",
        "trade_value": null,
        "created_at": "2017-06-21"
    }
},
{
    "model": "rpp_test_tables.partnumber",
    "pk": 6,
    "fields": {
        "manufacturer": 1,
        "desc": "A50 Dual 4000",
        "num": "991012",
        "end_of_service": "2020-01-01",
        "end_of_life": "2022-01-01",
        "end_of_support": "2021-01-01",
        "trade_value": null,
        "created_at": "2017-06-21"
    }
},
{
    "model": "rpp_test_tables.partnumber",
    "pk": 7,
    "fields": {
        "manufacturer": 1,
        "desc": "AA4 -AR 1400",
        "num": "24116",
        "end_of_service": "2020-01-01",
        "end_of_life": "2022-01-01",
        "end_of_support": "2021-01-01",
        "trade_value": null,
        "created_at": "2017-06-21"
    }
},
{
    "model": "rpp_test_tables.partnumber",
    "pk": 8,
    "fields": {
        "manufacturer": 1,
        "desc": "PL -SKU 40000",
        "num": "57155",
        "end_of_service": "2020-01-01",
        "end_of_life": "2022-01-01",
        "end_of_support": "2021-01-01",
        "trade_value": null,
        "created_at": "2017-06-21"
    }
},
{
    "model": "rpp_test_tables.partnumber",
    "pk": 9,
    "fields": {
        "manufacturer": 1,
        "desc": "Cisco Catalyst 6509E  WS-SUP32-GE-3B  Fan Tray (req. P/S)",
        "num": "16935",
        "end_of_service": "2020-01-01",
        "end_of_life": "2022-01-01",
        "end_of_support": "2021-01-01",
        "trade_value": null,
        "created_at": "2017-06-21"
    }
},
{
    "model": "rpp_test_tables.partnumber",
    "pk": 10,
    "fields": {
        "manufacturer": 1,
        "desc": "Cisco 3925 Voice Sec. Bundle  PVDM3-64  UC&SEC Lic FL-CUBE25",
        "num": "0519512",
        "end_of_service": "2020-01-01",
        "end_of_life": "2022-01-01",
        "end_of_support": "2021-01-01",
        "trade_value": null,
        "created_at": "2017-06-21"
    }
},
{
    "model": "rpp_test_tables.partnumber",
    "pk": 11,
    "fields": {
        "manufacturer": 1,
        "desc": "Cisco 2901 w/2 GE 4 EHWIC 2 DSP 256MB CF 512MB DRAM IP Base",
        "num": "124152",
        "end_of_service": "2020-01-01",
        "end_of_life": "2022-01-01",
        "end_of_support": "2021-01-01",
        "trade_value": null,
        "created_at": "2017-06-21"
    }
},
{
    "model": "rpp_test_tables.partnumber",
    "pk": 12,
    "fields": {
        "manufacturer": 2,
        "desc": "Server",
        "num": "i491941",
        "end_of_service": "2019-01-01",
        "end_of_life": "2020-01-01",
        "end_of_support": "2019-01-01",
        "trade_value": null,
        "created_at": "2017-06-21"
    }
},
{
    "model": "rpp_test_tables.product",
    "pk": 1,
    "fields": {
        "name": "CON-SUSA-C94194",
        "part_num": 1,
        "serial": "351512dsfsf351",
        "client": 1,
        "purchase_date": "2017-05-17",
        "disposal": null,
        "service_category": null,
        "price": 200.0,
        "quantity_min": null,
        "quantity_max": null,
        "duration": null,
        "orderability": null,
        "item_identifier": null,
        "service_program": "CIPS PROGRAMS",
        "category_base_discount_name": null,
        "end_of_sale_date": null,
        "created_at": "2017-06-21"
    }
},
{
    "model": "rpp_test_tables.product",
    "pk": 2,
    "fields": {
        "name": "AP-X-4144",
        "part_num": 5,
        "serial": "56146df234d",
        "client": 1,
        "purchase_date": "2017-05-17",
        "disposal": null,
        "service_category": null,
        "price": 200.0,
        "quantity_min": null,
        "quantity_max": null,
        "duration": null,
        "orderability": null,
        "item_identifier": null,
        "service_program": "CIPS PROGRAMS",
        "category_base_discount_name": null,
        "end_of_sale_date": null,
        "created_at": "2017-06-21"
    }
},
{
    "model": "rpp_test_tables.product",
    "pk": 3,
    "fields": {
        "name": "CON-SUSA-C94194",
        "part_num": 9,
        "serial": "3jfkj134i511",
        "client": 2,
        "purchase_date": "2017-05-22",
        "disposal": null,
        "service_category": null,
        "price": 200.0,
        "quantity_min": null,
        "quantity_max": null,
        "duration": null,
        "orderability": null,
        "item_identifier": null,
        "service_program": "CIPS PROGRAMS",
        "category_base_discount_name": null,
        "end_of_sale_date": null,
        "created_at": "2017-06-21"
    }
},
{
    "model": "rpp_test_tables.product",
    "pk": 4,
    "fields": {
        "name": "CON-PP-00R",
        "part_num": 11,
        "serial": "l15p3513251",
        "client": 2,
        "purchase_date": "2017-05-22",
        "disposal": null,
        "service_category": null,
        "price": 200.0,
        "quantity_min": null,
        "quantity_max": null,
        "duration": null,
        "orderability": null,
        "item_identifier": null,
        "service_program": "CIPS PROGRAMS",
        "category_base_discount_name": null,
        "end_of_sale_date": null,
        "created_at": "2017-06-21"
    }
},
{
    "model": "rpp_test_tables.product",
    "pk": 5,
    "fields": {
        "name": "CON-SUSA-C94194",
        "part_num": 10,
        "serial": "3412dfr132c5",
        "client": 2,
        "purchase_date": "2017-05-22",
        "disposal": null,
        "service_category": null,
        "price": 200.0,
        "quantity_min": null,
        "quantity_max": null,
        "duration": null,
        "orderability": null,
        "item_identifier": null,
        "service_program": "CIPS PROGRAMS",
        "category_base_discount_name": null,
        "end_of_sale_date": null,
        "created_at": "2017-06-21"
    }
},
{
    "model": "rpp_test_tables.product",
    "pk": 10,
    "fields": {
        "name": "CON-SUSA-C999",
        "part_num": 9,
        "serial": "fer1345dhf",
        "client": 3,
        "purchase_date": "2017-05-22",
        "disposal": null,
        "service_category": null,
        "price": 200.0,
        "quantity_min": null,
        "quantity_max": null,
        "duration": null,
        "orderability": null,
        "item_identifier": null,
        "service_program": "CIPS PROGRAMS",
        "category_base_discount_name": null,
        "end_of_sale_date": null,
        "created_at": "2017-06-21"
    }
},
{
    "model": "rpp_test_tables.product",
    "pk": 13,
    "fields": {
        "name": "CON-SUSA-C94194",
        "part_num": 10,
        "serial": "341234lk312",
        "client": 2,
        "purchase_date": "2017-05-22",
        "disposal": null,
        "service_category": null,
        "price": 200.0,
        "quantity_min": null,
        "quantity_max": null,
        "duration": null,
        "orderability": null,
        "item_identifier": null,
        "service_program": "CIPS PROGRAMS",
        "category_base_discount_name": null,
        "end_of_sale_date": null,
        "created_at": "2017-06-21"
    }
},
{
    "model": "rpp_test_tables.product",
    "pk": 14,
    "fields": {
        "name": "CISCO X4000",
        "part_num": 6,
        "serial": "p4144-122",
        "client": 3,
        "purchase_date": "2017-06-26",
        "disposal": null,
        "service_category": null,
        "price": 1000.0,
        "quantity_min": null,
        "quantity_max": null,
        "duration": null,
        "orderability": null,
        "item_identifier": null,
        "service_program": "C",
        "category_base_discount_name": null,
        "end_of_sale_date": null,
        "created_at": "2017-06-26"
    }
},
{
    "model": "rpp_test_tables.product",
    "pk": 15,
    "fields": {
        "name": "Test",
        "part_num": 2,
        "serial": "1",
        "client": 1,
        "purchase_date": "2000-01-01",
        "disposal": null,
        "service_category": "C",
        "price": 14.0,
        "quantity_min": "1",
        "quantity_max": "1",
        "duration": "1",
        "orderability": "t",
        "item_identifier": "1",
        "service_program": "C",
        "category_base_discount_name": null,
        "end_of_sale_date": null,
        "created_at": "2017-06-26"
    }
},
{
    "model": "rpp_test_tables.product",
    "pk": 16,
    "fields": {
        "name": "CISCO X5000",
        "part_num": 4,
        "serial": "kr1344134",
        "client": 2,
        "purchase_date": "2017-07-16",
        "disposal": null,
        "service_category": "C",
        "price": 1000.0,
        "quantity_min": "1",
        "quantity_max": "1",
        "duration": "1",
        "orderability": "1",
        "item_identifier": "1",
        "service_program": "C",
        "category_base_discount_name": "3",
        "end_of_sale_date": "2017-07-16",
        "created_at": "2017-07-17"
    }
},
{
    "model": "rpp_test_tables.contract",
    "pk": 1,
    "fields": {
        "client": 1,
        "product": 1,
        "contract_number": 1,
        "serial": "fsf513sdfsdf",
        "start_date": "2017-05-17",
        "end_date": "2018-05-17",
        "cost": 400.0,
        "vendor": 1,
        "sale_agent": 1,
        "commission": 140.0,
        "service_level": "SNTE",
        "site_id": "100040101",
        "site_name": "Affinion International",
        "address": "Airspeed Road",
        "city": "Portsmouth",
        "state": "Hampshire",
        "zip_code": "PO3 5RF",
        "country": "UK",
        "quantity": "1",
        "pak_num": "FOX1234G55",
        "smart_net_sku": null,
        "smark_net_desc": null,
        "annual_list_price": null,
        "trade_value": null,
        "created_at": "2017-06-21T17:39:50.981Z"
    }
},
{
    "model": "rpp_test_tables.contract",
    "pk": 2,
    "fields": {
        "client": 1,
        "product": 2,
        "contract_number": 1,
        "serial": "sdfasd34123234",
        "start_date": "2017-05-17",
        "end_date": "2019-05-17",
        "cost": 1000.0,
        "vendor": 3,
        "sale_agent": 1,
        "commission": 100.0,
        "service_level": "SNTE",
        "site_id": "100040101",
        "site_name": "Affinion International",
        "address": "Airspeed Road",
        "city": "Portsmouth",
        "state": "Hampshire",
        "zip_code": "PO3 5RF",
        "country": "UK",
        "quantity": "1",
        "pak_num": "FOX1234G55",
        "smart_net_sku": null,
        "smark_net_desc": null,
        "annual_list_price": null,
        "trade_value": null,
        "created_at": "2017-06-21T17:39:50.981Z"
    }
},
{
    "model": "rpp_test_tables.contract",
    "pk": 3,
    "fields": {
        "client": 2,
        "product": 3,
        "contract_number": 1,
        "serial": "lfdf341234l151l5",
        "start_date": "2017-05-22",
        "end_date": "2017-09-22",
        "cost": 1000.0,
        "vendor": 1,
        "sale_agent": 2,
        "commission": 300.0,
        "service_level": "SNTE",
        "site_id": "100040101",
        "site_name": "Affinion International",
        "address": "Airspeed Road",
        "city": "Portsmouth",
        "state": "Hampshire",
        "zip_code": "PO3 5RF",
        "country": "UK",
        "quantity": "1",
        "pak_num": "FOX1234G55",
        "smart_net_sku": null,
        "smark_net_desc": null,
        "annual_list_price": null,
        "trade_value": null,
        "created_at": "2017-06-21T17:39:50.981Z"
    }
},
{
    "model": "rpp_test_tables.contract",
    "pk": 4,
    "fields": {
        "client": 2,
        "product": 4,
        "contract_number": 1,
        "serial": "dfqef3515132",
        "start_date": "2017-05-22",
        "end_date": "2017-09-22",
        "cost": 400.0,
        "vendor": 1,
        "sale_agent": 1,
        "commission": 500.0,
        "service_level": "SNTE",
        "site_id": "100040101",
        "site_name": "Affinion International",
        "address": "Airspeed Road",
        "city": "Portsmouth",
        "state": "Hampshire",
        "zip_code": "PO3 5RF",
        "country": "UK",
        "quantity": "1",
        "pak_num": "FOX1234G55",
        "smart_net_sku": null,
        "smark_net_desc": null,
        "annual_list_price": null,
        "trade_value": null,
        "created_at": "2017-06-21T17:39:50.981Z"
    }
},
{
    "model": "rpp_test_tables.contract",
    "pk": 5,
    "fields": {
        "client": 2,
        "product": 5,
        "contract_number": 1,
        "serial": "nk1lh343255",
        "start_date": "2017-05-22",
        "end_date": "2017-05-30",
        "cost": 1000.0,
        "vendor": 1,
        "sale_agent": 1,
        "commission": 400.0,
        "service_level": "SNTE",
        "site_id": "100040101",
        "site_name": "Affinion International",
        "address": "Airspeed Road",
        "city": "Portsmouth",
        "state": "Hampshire",
        "zip_code": "PO3 5RF",
        "country": "UK",
        "quantity": "1",
        "pak_num": "FOX1234G55",
        "smart_net_sku": null,
        "smark_net_desc": null,
        "annual_list_price": null,
        "trade_value": null,
        "created_at": "2017-06-21T17:39:50.981Z"
    }
},
{
    "model": "rpp_test_tables.contract",
    "pk": 6,
    "fields": {
        "client": 2,
        "product": 4,
        "contract_number": 1,
        "serial": "340fjdsf913",
        "start_date": "2017-05-22",
        "end_date": "2017-05-30",
        "cost": 101.0,
        "vendor": 1,
        "sale_agent": 1,
        "commission": 0.0,
        "service_level": "SNTE",
        "site_id": "100040101",
        "site_name": "Affinion International",
        "address": "Airspeed Road",
        "city": "Portsmouth",
        "state": "Hampshire",
        "zip_code": "PO3 5RF",
        "country": "UK",
        "quantity": "1",
        "pak_num": "FOX1234G55",
        "smart_net_sku": null,
        "smark_net_desc": null,
        "annual_list_price": null,
        "trade_value": null,
        "created_at": "2017-06-21T17:39:50.981Z"
    }
},
{
    "model": "rpp_test_tables.contract",
    "pk": 7,
    "fields": {
        "client": 2,
        "product": 5,
        "contract_number": 1,
        "serial": "041kl12j410",
        "start_date": "2017-05-22",
        "end_date": "2017-05-30",
        "cost": 400.0,
        "vendor": 1,
        "sale_agent": 1,
        "commission": 0.0,
        "service_level": "SNTE",
        "site_id": "100040101",
        "site_name": "Affinion International",
        "address": "Airspeed Road",
        "city": "Portsmouth",
        "state": "Hampshire",
        "zip_code": "PO3 5RF",
        "country": "UK",
        "quantity": "1",
        "pak_num": "FOX1234G55",
        "smart_net_sku": null,
        "smark_net_desc": null,
        "annual_list_price": null,
        "trade_value": null,
        "created_at": "2017-06-21T17:39:50.981Z"
    }
},
{
    "model": "rpp_test_tables.contract",
    "pk": 9,
    "fields": {
        "client": 3,
        "product": 10,
        "contract_number": 1,
        "serial": "3412dfr132c",
        "start_date": "2017-05-22",
        "end_date": "2018-05-22",
        "cost": 1000.0,
        "vendor": 1,
        "sale_agent": 1,
        "commission": 1515.0,
        "service_level": "SNTE",
        "site_id": "100040101",
        "site_name": "Affinion International",
        "address": "Airspeed Road",
        "city": "Portsmouth",
        "state": "Hampshire",
        "zip_code": "PO3 5RF",
        "country": "UK",
        "quantity": "1",
        "pak_num": "FOX1234G55",
        "smart_net_sku": null,
        "smark_net_desc": null,
        "annual_list_price": null,
        "trade_value": null,
        "created_at": "2017-06-21T17:39:50.981Z"
    }
},
{
    "model": "rpp_test_tables.contract",
    "pk": 13,
    "fields": {
        "client": 2,
        "product": 13,
        "contract_number": 1,
        "serial": "4014j1d134",
        "start_date": "2017-05-26",
        "end_date": "2017-06-26",
        "cost": 410.0,
        "vendor": 1,
        "sale_agent": 1,
        "commission": 0.0,
        "service_level": "SNTE",
        "site_id": "100040101",
        "site_name": "Affinion International",
        "address": "Airspeed Road",
        "city": "Portsmouth",
        "state": "Hampshire",
        "zip_code": "PO3 5RF",
        "country": "UK",
        "quantity": "1",
        "pak_num": "FOX1234G55",
        "smart_net_sku": null,
        "smark_net_desc": null,
        "annual_list_price": null,
        "trade_value": null,
        "created_at": "2017-06-21T17:39:50.981Z"
    }
},
{
    "model": "rpp_test_tables.contract",
    "pk": 14,
    "fields": {
        "client": 1,
        "product": 2,
        "contract_number": 1,
        "serial": "0351351",
        "start_date": "2018-01-01",
        "end_date": "2019-01-01",
        "cost": 100.0,
        "vendor": 2,
        "sale_agent": 2,
        "commission": 0.0,
        "service_level": "SNTE",
        "site_id": "100040101",
        "site_name": "Affinion International",
        "address": "Airspeed Road",
        "city": "Portsmouth",
        "state": "Hampshire",
        "zip_code": "PO3 5RF",
        "country": "UK",
        "quantity": "1",
        "pak_num": "FOX1234G55",
        "smart_net_sku": null,
        "smark_net_desc": null,
        "annual_list_price": null,
        "trade_value": null,
        "created_at": "2017-06-21T17:39:50.981Z"
    }
},
{
    "model": "rpp_test_tables.contract",
    "pk": 15,
    "fields": {
        "client": 3,
        "product": 14,
        "contract_number": 1,
        "serial": "414i41040",
        "start_date": "2017-06-26",
        "end_date": "2022-06-26",
        "cost": 400.0,
        "vendor": 1,
        "sale_agent": 2,
        "commission": 0.0,
        "service_level": "C",
        "site_id": "1",
        "site_name": "Aerotek",
        "address": "45 Aerotek Drive",
        "city": "Greenville",
        "state": "SC",
        "zip_code": "29601",
        "country": "USA",
        "quantity": "1",
        "pak_num": "c94",
        "smart_net_sku": null,
        "smark_net_desc": null,
        "annual_list_price": null,
        "trade_value": null,
        "created_at": "2017-06-26T13:29:05.040Z"
    }
},
{
    "model": "rpp_test_tables.contract",
    "pk": 16,
    "fields": {
        "client": 1,
        "product": 1,
        "contract_number": 1,
        "serial": "51503",
        "start_date": "2017-06-22",
        "end_date": "2018-06-22",
        "cost": 1000.0,
        "vendor": 1,
        "sale_agent": 1,
        "commission": 1441.0,
        "service_level": "C",
        "site_id": "4",
        "site_name": "website.com",
        "address": "1010 TestUser Rd.",
        "city": "Greenville",
        "state": "SC",
        "zip_code": "29601",
        "country": "USA",
        "quantity": "1",
        "pak_num": "K99",
        "smart_net_sku": null,
        "smark_net_desc": null,
        "annual_list_price": "100",
        "trade_value": "100",
        "created_at": "2017-06-26T15:15:57.695Z"
    }
},
{
    "model": "rpp_test_tables.contract",
    "pk": 18,
    "fields": {
        "client": 2,
        "product": 16,
        "contract_number": 1,
        "serial": "kr1344114",
        "start_date": "2017-07-16",
        "end_date": "2019-07-16",
        "cost": 100.0,
        "vendor": 4,
        "sale_agent": 1,
        "commission": 0.0,
        "service_level": "C",
        "site_id": "ccc",
        "site_name": "ESPN",
        "address": "515 IBM St.",
        "city": "Greenville",
        "state": "SC",
        "zip_code": "29601",
        "country": "USA",
        "quantity": "1",
        "pak_num": "1",
        "smart_net_sku": "c",
        "smark_net_desc": "c",
        "annual_list_price": "100",
        "trade_value": "3",
        "created_at": "2017-07-18T14:46:25.248Z"
    }
},
{
    "model": "rpp_test_tables.clientlogin",
    "pk": 1,
    "fields": {
        "client": 1,
        "time": "2017-05-18T18:00:32.009Z"
    }
},
{
    "model": "rpp_test_tables.clientlogin",
    "pk": 2,
    "fields": {
        "client": 1,
        "time": "2017-05-19T18:11:26.248Z"
    }
},
{
    "model": "rpp_test_tables.clientlogin",
    "pk": 3,
    "fields": {
        "client": 2,
        "time": "2017-05-22T16:24:18.620Z"
    }
},
{
    "model": "rpp_test_tables.clientlogin",
    "pk": 4,
    "fields": {
        "client": 2,
        "time": "2017-05-22T18:02:45.175Z"
    }
},
{
    "model": "rpp_test_tables.clientlogin",
    "pk": 5,
    "fields": {
        "client": 2,
        "time": "2017-05-23T13:37:24.892Z"
    }
},
{
    "model": "rpp_test_tables.clientlogin",
    "pk": 6,
    "fields": {
        "client": 2,
        "time": "2017-05-23T17:42:11.447Z"
    }
},
{
    "model": "rpp_test_tables.clientlogin",
    "pk": 7,
    "fields": {
        "client": 2,
        "time": "2017-05-24T14:52:31.210Z"
    }
},
{
    "model": "rpp_test_tables.clientlogin",
    "pk": 8,
    "fields": {
        "client": 2,
        "time": "2017-05-24T18:26:40.576Z"
    }
},
{
    "model": "rpp_test_tables.clientlogin",
    "pk": 9,
    "fields": {
        "client": 2,
        "time": "2017-05-25T14:03:13.376Z"
    }
},
{
    "model": "rpp_test_tables.clientlogin",
    "pk": 10,
    "fields": {
        "client": 3,
        "time": "2017-05-25T14:19:08.571Z"
    }
},
{
    "model": "rpp_test_tables.clientlogin",
    "pk": 11,
    "fields": {
        "client": 2,
        "time": "2017-05-26T18:10:41.767Z"
    }
},
{
    "model": "rpp_test_tables.clientlogin",
    "pk": 12,
    "fields": {
        "client": 2,
        "time": "2017-05-30T15:01:56.066Z"
    }
},
{
    "model": "rpp_test_tables.clientlogin",
    "pk": 13,
    "fields": {
        "client": 2,
        "time": "2017-06-02T13:11:02.359Z"
    }
},
{
    "model": "rpp_test_tables.clientlogin",
    "pk": 14,
    "fields": {
        "client": 2,
        "time": "2017-06-02T18:48:00.888Z"
    }
},
{
    "model": "rpp_test_tables.clientlogin",
    "pk": 15,
    "fields": {
        "client": 2,
        "time": "2017-06-07T18:57:34.366Z"
    }
},
{
    "model": "rpp_test_tables.clientlogin",
    "pk": 16,
    "fields": {
        "client": 2,
        "time": "2017-06-07T18:59:34.750Z"
    }
},
{
    "model": "rpp_test_tables.clientlogin",
    "pk": 17,
    "fields": {
        "client": 2,
        "time": "2017-06-08T14:22:58.616Z"
    }
},
{
    "model": "rpp_test_tables.clientlogin",
    "pk": 18,
    "fields": {
        "client": 1,
        "time": "2017-06-21T13:44:21.816Z"
    }
},
{
    "model": "rpp_test_tables.clientlogin",
    "pk": 19,
    "fields": {
        "client": 4,
        "time": "2017-06-22T18:14:06.377Z"
    }
},
{
    "model": "rpp_test_tables.clientlogin",
    "pk": 20,
    "fields": {
        "client": 4,
        "time": "2017-06-22T18:53:31.356Z"
    }
},
{
    "model": "rpp_test_tables.clientlogin",
    "pk": 21,
    "fields": {
        "client": 2,
        "time": "2017-06-30T14:01:05.354Z"
    }
},
{
    "model": "rpp_test_tables.clientlogin",
    "pk": 22,
    "fields": {
        "client": 2,
        "time": "2017-06-30T14:25:46.656Z"
    }
},
{
    "model": "rpp_test_tables.clientlogin",
    "pk": 23,
    "fields": {
        "client": 2,
        "time": "2017-06-30T16:29:37.745Z"
    }
},
{
    "model": "rpp_test_tables.clientlogin",
    "pk": 24,
    "fields": {
        "client": 2,
        "time": "2017-06-30T16:29:47.793Z"
    }
},
{
    "model": "rpp_test_tables.clientlogin",
    "pk": 25,
    "fields": {
        "client": 2,
        "time": "2017-06-30T16:47:18.424Z"
    }
},
{
    "model": "rpp_test_tables.clientlogin",
    "pk": 26,
    "fields": {
        "client": 2,
        "time": "2017-06-30T19:08:29.521Z"
    }
},
{
    "model": "rpp_test_tables.clientlogin",
    "pk": 27,
    "fields": {
        "client": 2,
        "time": "2017-06-30T19:20:06.017Z"
    }
},
{
    "model": "rpp_test_tables.clientlogin",
    "pk": 28,
    "fields": {
        "client": 2,
        "time": "2017-07-05T13:33:11.499Z"
    }
},
{
    "model": "rpp_test_tables.clientlogin",
    "pk": 29,
    "fields": {
        "client": 2,
        "time": "2017-07-05T13:35:55.988Z"
    }
},
{
    "model": "rpp_test_tables.clientlogin",
    "pk": 30,
    "fields": {
        "client": 4,
        "time": "2017-07-05T13:50:56.663Z"
    }
},
{
    "model": "rpp_test_tables.clientlogin",
    "pk": 31,
    "fields": {
        "client": 2,
        "time": "2017-07-05T13:51:13.535Z"
    }
},
{
    "model": "rpp_test_tables.clientlogin",
    "pk": 32,
    "fields": {
        "client": 2,
        "time": "2017-07-05T14:19:46.235Z"
    }
},
{
    "model": "rpp_test_tables.clientlogin",
    "pk": 33,
    "fields": {
        "client": 2,
        "time": "2017-07-06T14:25:38.028Z"
    }
},
{
    "model": "rpp_test_tables.clientlogin",
    "pk": 34,
    "fields": {
        "client": 2,
        "time": "2017-07-06T14:25:47.006Z"
    }
},
{
    "model": "rpp_test_tables.clientlogin",
    "pk": 35,
    "fields": {
        "client": 2,
        "time": "2017-07-06T15:10:31.733Z"
    }
},
{
    "model": "rpp_test_tables.clientlogin",
    "pk": 36,
    "fields": {
        "client": 2,
        "time": "2017-07-07T14:18:18.791Z"
    }
},
{
    "model": "rpp_test_tables.clientlogin",
    "pk": 37,
    "fields": {
        "client": 2,
        "time": "2017-07-11T15:17:28.901Z"
    }
},
{
    "model": "rpp_test_tables.clientlogin",
    "pk": 38,
    "fields": {
        "client": 2,
        "time": "2017-07-13T13:28:01.500Z"
    }
},
{
    "model": "rpp_test_tables.clientlogin",
    "pk": 39,
    "fields": {
        "client": 2,
        "time": "2017-07-13T15:32:23.827Z"
    }
},
{
    "model": "rpp_test_tables.salesaccountlogin",
    "pk": 1,
    "fields": {
        "agent": 2,
        "time": "2017-06-27T19:20:00.581Z"
    }
},
{
    "model": "rpp_test_tables.salesaccountlogin",
    "pk": 2,
    "fields": {
        "agent": 1,
        "time": "2017-06-27T19:20:05.798Z"
    }
},
{
    "model": "rpp_test_tables.salesaccountlogin",
    "pk": 3,
    "fields": {
        "agent": 2,
        "time": "2017-06-27T19:20:10.264Z"
    }
},
{
    "model": "rpp_test_tables.salesaccountlogin",
    "pk": 4,
    "fields": {
        "agent": 1,
        "time": "2017-07-06T16:42:52.178Z"
    }
},
{
    "model": "rpp_test_tables.salesaccountlogin",
    "pk": 5,
    "fields": {
        "agent": 1,
        "time": "2017-07-06T16:56:52.511Z"
    }
},
{
    "model": "rpp_test_tables.salesaccountlogin",
    "pk": 6,
    "fields": {
        "agent": 1,
        "time": "2017-07-07T14:46:14.302Z"
    }
},
{
    "model": "rpp_test_tables.salesaccountlogin",
    "pk": 7,
    "fields": {
        "agent": 1,
        "time": "2017-07-07T15:24:39.367Z"
    }
},
{
    "model": "rpp_test_tables.salesaccountlogin",
    "pk": 8,
    "fields": {
        "agent": 1,
        "time": "2017-07-07T15:46:43.487Z"
    }
},
{
    "model": "rpp_test_tables.salesaccountlogin",
    "pk": 9,
    "fields": {
        "agent": 1,
        "time": "2017-07-07T15:47:42.261Z"
    }
},
{
    "model": "rpp_test_tables.salesaccountlogin",
    "pk": 10,
    "fields": {
        "agent": 1,
        "time": "2017-07-11T15:22:51.575Z"
    }
},
{
    "model": "rpp_test_tables.salesaccountlogin",
    "pk": 11,
    "fields": {
        "agent": 1,
        "time": "2017-07-11T15:29:57.739Z"
    }
},
{
    "model": "rpp_test_tables.salesaccountlogin",
    "pk": 12,
    "fields": {
        "agent": 1,
        "time": "2017-07-11T18:41:22.762Z"
    }
},
{
    "model": "rpp_test_tables.salesaccountlogin",
    "pk": 13,
    "fields": {
        "agent": 1,
        "time": "2017-07-11T19:07:22.939Z"
    }
},
{
    "model": "rpp_test_tables.salesaccountlogin",
    "pk": 14,
    "fields": {
        "agent": 1,
        "time": "2017-07-11T19:17:56.109Z"
    }
},
{
    "model": "rpp_test_tables.salesaccountlogin",
    "pk": 15,
    "fields": {
        "agent": 1,
        "time": "2017-07-12T13:19:57.143Z"
    }
},
{
    "model": "rpp_test_tables.salesaccountlogin",
    "pk": 16,
    "fields": {
        "agent": 1,
        "time": "2017-07-12T13:55:07.813Z"
    }
},
{
    "model": "rpp_test_tables.salesaccountlogin",
    "pk": 17,
    "fields": {
        "agent": 1,
        "time": "2017-07-12T17:00:05.378Z"
    }
},
{
    "model": "rpp_test_tables.salesaccountlogin",
    "pk": 18,
    "fields": {
        "agent": 1,
        "time": "2017-07-12T19:15:53.609Z"
    }
},
{
    "model": "rpp_test_tables.salesaccountlogin",
    "pk": 19,
    "fields": {
        "agent": 1,
        "time": "2017-07-13T16:31:49.921Z"
    }
},
{
    "model": "rpp_test_tables.salesaccountlogin",
    "pk": 20,
    "fields": {
        "agent": 1,
        "time": "2017-07-13T19:57:49.395Z"
    }
},
{
    "model": "rpp_test_tables.salesaccountlogin",
    "pk": 21,
    "fields": {
        "agent": 1,
        "time": "2017-07-14T15:23:10.901Z"
    }
},
{
    "model": "rpp_test_tables.salesaccountlogin",
    "pk": 22,
    "fields": {
        "agent": 1,
        "time": "2017-07-14T18:51:45.564Z"
    }
},
{
    "model": "rpp_test_tables.salesaccountlogin",
    "pk": 23,
    "fields": {
        "agent": 1,
        "time": "2017-07-17T18:50:56.633Z"
    }
},
{
    "model": "rpp_test_tables.salesaccountlogin",
    "pk": 24,
    "fields": {
        "agent": 1,
        "time": "2017-07-17T19:21:57.592Z"
    }
},
{
    "model": "rpp_test_tables.salesaccountlogin",
    "pk": 25,
    "fields": {
        "agent": 1,
        "time": "2017-07-17T19:53:26.504Z"
    }
},
{
    "model": "rpp_test_tables.salesaccountlogin",
    "pk": 26,
    "fields": {
        "agent": 1,
        "time": "2017-07-18T14:43:50.633Z"
    }
},
{
    "model": "rpp_test_tables.adminlogin",
    "pk": 1,
    "fields": {
        "admin": [
            "admin"
        ],
        "time": "2017-06-09T18:39:42.520Z"
    }
},
{
    "model": "rpp_test_tables.adminlogin",
    "pk": 2,
    "fields": {
        "admin": [
            "admin"
        ],
        "time": "2017-06-12T15:25:37.282Z"
    }
},
{
    "model": "rpp_test_tables.adminlogin",
    "pk": 3,
    "fields": {
        "admin": [
            "admin"
        ],
        "time": "2017-06-12T18:14:02.625Z"
    }
},
{
    "model": "rpp_test_tables.adminlogin",
    "pk": 4,
    "fields": {
        "admin": [
            "admin"
        ],
        "time": "2017-06-13T13:49:20.063Z"
    }
},
{
    "model": "rpp_test_tables.adminlogin",
    "pk": 5,
    "fields": {
        "admin": [
            "admin"
        ],
        "time": "2017-06-13T17:24:08.836Z"
    }
},
{
    "model": "rpp_test_tables.adminlogin",
    "pk": 6,
    "fields": {
        "admin": [
            "admin"
        ],
        "time": "2017-06-13T19:01:28.109Z"
    }
},
{
    "model": "rpp_test_tables.adminlogin",
    "pk": 7,
    "fields": {
        "admin": [
            "admin"
        ],
        "time": "2017-06-20T13:21:17.301Z"
    }
},
{
    "model": "rpp_test_tables.adminlogin",
    "pk": 8,
    "fields": {
        "admin": [
            "admin"
        ],
        "time": "2017-06-20T14:33:01.632Z"
    }
},
{
    "model": "rpp_test_tables.adminlogin",
    "pk": 9,
    "fields": {
        "admin": [
            "admin"
        ],
        "time": "2017-06-20T15:51:46.755Z"
    }
},
{
    "model": "rpp_test_tables.adminlogin",
    "pk": 10,
    "fields": {
        "admin": [
            "admin"
        ],
        "time": "2017-06-20T17:39:56.054Z"
    }
},
{
    "model": "rpp_test_tables.adminlogin",
    "pk": 11,
    "fields": {
        "admin": [
            "admin"
        ],
        "time": "2017-06-20T17:58:15.503Z"
    }
},
{
    "model": "rpp_test_tables.adminlogin",
    "pk": 12,
    "fields": {
        "admin": [
            "admin"
        ],
        "time": "2017-06-21T13:46:03.491Z"
    }
},
{
    "model": "rpp_test_tables.adminlogin",
    "pk": 13,
    "fields": {
        "admin": [
            "admin"
        ],
        "time": "2017-06-21T15:23:26.860Z"
    }
},
{
    "model": "rpp_test_tables.adminlogin",
    "pk": 14,
    "fields": {
        "admin": [
            "admin"
        ],
        "time": "2017-06-22T17:56:39.597Z"
    }
},
{
    "model": "rpp_test_tables.adminlogin",
    "pk": 15,
    "fields": {
        "admin": [
            "admin"
        ],
        "time": "2017-06-22T18:14:14.506Z"
    }
},
{
    "model": "rpp_test_tables.adminlogin",
    "pk": 16,
    "fields": {
        "admin": [
            "admin"
        ],
        "time": "2017-06-22T18:39:46.828Z"
    }
},
{
    "model": "rpp_test_tables.adminlogin",
    "pk": 17,
    "fields": {
        "admin": [
            "admin"
        ],
        "time": "2017-06-22T18:53:58.751Z"
    }
},
{
    "model": "rpp_test_tables.adminlogin",
    "pk": 18,
    "fields": {
        "admin": [
            "admin"
        ],
        "time": "2017-06-23T18:31:02.494Z"
    }
},
{
    "model": "rpp_test_tables.adminlogin",
    "pk": 19,
    "fields": {
        "admin": [
            "admin"
        ],
        "time": "2017-06-27T01:23:12.409Z"
    }
},
{
    "model": "rpp_test_tables.adminlogin",
    "pk": 20,
    "fields": {
        "admin": [
            "admin"
        ],
        "time": "2017-06-27T13:40:19.656Z"
    }
},
{
    "model": "rpp_test_tables.adminlogin",
    "pk": 21,
    "fields": {
        "admin": [
            "admin"
        ],
        "time": "2017-06-27T13:40:39.440Z"
    }
},
{
    "model": "rpp_test_tables.adminlogin",
    "pk": 22,
    "fields": {
        "admin": [
            "admin"
        ],
        "time": "2017-06-27T14:10:28.220Z"
    }
},
{
    "model": "rpp_test_tables.adminlogin",
    "pk": 23,
    "fields": {
        "admin": [
            "admin"
        ],
        "time": "2017-06-27T16:26:37.646Z"
    }
},
{
    "model": "rpp_test_tables.adminlogin",
    "pk": 24,
    "fields": {
        "admin": [
            "admin"
        ],
        "time": "2017-06-28T13:54:02.898Z"
    }
},
{
    "model": "rpp_test_tables.adminlogin",
    "pk": 25,
    "fields": {
        "admin": [
            "admin"
        ],
        "time": "2017-06-30T14:06:05.448Z"
    }
},
{
    "model": "rpp_test_tables.adminlogin",
    "pk": 26,
    "fields": {
        "admin": [
            "admin"
        ],
        "time": "2017-06-30T16:30:38.868Z"
    }
},
{
    "model": "rpp_test_tables.adminlogin",
    "pk": 27,
    "fields": {
        "admin": [
            "admin"
        ],
        "time": "2017-06-30T16:52:34.583Z"
    }
},
{
    "model": "rpp_test_tables.adminlogin",
    "pk": 28,
    "fields": {
        "admin": [
            "admin"
        ],
        "time": "2017-07-03T20:04:35.994Z"
    }
},
{
    "model": "rpp_test_tables.adminlogin",
    "pk": 29,
    "fields": {
        "admin": [
            "admin"
        ],
        "time": "2017-07-05T14:27:52.964Z"
    }
},
{
    "model": "rpp_test_tables.adminlogin",
    "pk": 30,
    "fields": {
        "admin": [
            "admin"
        ],
        "time": "2017-07-06T14:43:01.029Z"
    }
},
{
    "model": "rpp_test_tables.adminlogin",
    "pk": 31,
    "fields": {
        "admin": [
            "admin"
        ],
        "time": "2017-07-06T16:37:11.902Z"
    }
},
{
    "model": "rpp_test_tables.adminlogin",
    "pk": 32,
    "fields": {
        "admin": [
            "admin"
        ],
        "time": "2017-07-07T15:09:18.711Z"
    }
},
{
    "model": "rpp_test_tables.adminlogin",
    "pk": 33,
    "fields": {
        "admin": [
            "admin"
        ],
        "time": "2017-07-10T13:39:24.759Z"
    }
},
{
    "model": "rpp_test_tables.adminlogin",
    "pk": 34,
    "fields": {
        "admin": [
            "admin"
        ],
        "time": "2017-07-10T18:37:54.492Z"
    }
},
{
    "model": "rpp_test_tables.adminlogin",
    "pk": 35,
    "fields": {
        "admin": [
            "admin"
        ],
        "time": "2017-07-11T15:28:46.103Z"
    }
},
{
    "model": "rpp_test_tables.adminlogin",
    "pk": 36,
    "fields": {
        "admin": [
            "admin"
        ],
        "time": "2017-07-11T16:33:12.525Z"
    }
},
{
    "model": "rpp_test_tables.adminlogin",
    "pk": 37,
    "fields": {
        "admin": [
            "admin"
        ],
        "time": "2017-07-11T19:07:02.520Z"
    }
},
{
    "model": "rpp_test_tables.adminlogin",
    "pk": 38,
    "fields": {
        "admin": [
            "admin"
        ],
        "time": "2017-07-11T19:10:02.333Z"
    }
},
{
    "model": "rpp_test_tables.adminlogin",
    "pk": 39,
    "fields": {
        "admin": [
            "admin"
        ],
        "time": "2017-07-11T19:29:41.821Z"
    }
},
{
    "model": "rpp_test_tables.adminlogin",
    "pk": 40,
    "fields": {
        "admin": [
            "admin"
        ],
        "time": "2017-07-12T13:36:49.251Z"
    }
},
{
    "model": "rpp_test_tables.adminlogin",
    "pk": 41,
    "fields": {
        "admin": [
            "admin"
        ],
        "time": "2017-07-12T13:38:33.019Z"
    }
},
{
    "model": "rpp_test_tables.adminlogin",
    "pk": 42,
    "fields": {
        "admin": [
            "admin"
        ],
        "time": "2017-07-12T13:39:42.323Z"
    }
},
{
    "model": "rpp_test_tables.adminlogin",
    "pk": 43,
    "fields": {
        "admin": [
            "admin"
        ],
        "time": "2017-07-12T16:36:01.812Z"
    }
},
{
    "model": "rpp_test_tables.adminlogin",
    "pk": 44,
    "fields": {
        "admin": [
            "admin"
        ],
        "time": "2017-07-12T16:59:50.555Z"
    }
},
{
    "model": "rpp_test_tables.adminlogin",
    "pk": 45,
    "fields": {
        "admin": [
            "admin"
        ],
        "time": "2017-07-12T19:13:26.208Z"
    }
},
{
    "model": "rpp_test_tables.adminlogin",
    "pk": 46,
    "fields": {
        "admin": [
            "admin"
        ],
        "time": "2017-07-13T13:37:15.206Z"
    }
},
{
    "model": "rpp_test_tables.adminlogin",
    "pk": 47,
    "fields": {
        "admin": [
            "admin"
        ],
        "time": "2017-07-13T18:19:14.078Z"
    }
},
{
    "model": "rpp_test_tables.adminlogin",
    "pk": 48,
    "fields": {
        "admin": [
            "admin"
        ],
        "time": "2017-07-13T19:57:19.896Z"
    }
},
{
    "model": "rpp_test_tables.adminlogin",
    "pk": 49,
    "fields": {
        "admin": [
            "admin"
        ],
        "time": "2017-07-14T18:51:14.647Z"
    }
},
{
    "model": "rpp_test_tables.adminlogin",
    "pk": 50,
    "fields": {
        "admin": [
            "admin"
        ],
        "time": "2017-07-14T19:11:02.126Z"
    }
},
{
    "model": "rpp_test_tables.adminlogin",
    "pk": 51,
    "fields": {
        "admin": [
            "admin"
        ],
        "time": "2017-07-17T14:09:56.731Z"
    }
},
{
    "model": "rpp_test_tables.adminlogin",
    "pk": 52,
    "fields": {
        "admin": [
            "admin"
        ],
        "time": "2017-07-17T16:55:58.466Z"
    }
},
{
    "model": "rpp_test_tables.adminlogin",
    "pk": 53,
    "fields": {
        "admin": [
            "admin"
        ],
        "time": "2017-07-17T19:34:54.996Z"
    }
},
{
    "model": "rpp_test_tables.adminlogin",
    "pk": 54,
    "fields": {
        "admin": [
            "admin"
        ],
        "time": "2017-07-18T13:55:32.319Z"
    }
},
{
    "model": "rpp_test_tables.adminlogin",
    "pk": 55,
    "fields": {
        "admin": [
            "admin"
        ],
        "time": "2017-07-18T14:41:59.702Z"
    }
},
{
    "model": "rpp_test_tables.adminlogin",
    "pk": 56,
    "fields": {
        "admin": [
            "admin"
        ],
        "time": "2017-07-18T14:46:47.485Z"
    }
},
{
    "model": "rpp_test_tables.adminlogin",
    "pk": 57,
    "fields": {
        "admin": [
            "admin"
        ],
        "time": "2017-07-18T16:07:48.646Z"
    }
},
{
    "model": "rpp_test_tables.adminlogin",
    "pk": 58,
    "fields": {
        "admin": [
            "admin"
        ],
        "time": "2017-07-20T13:57:03.447Z"
    }
},
{
    "model": "rpp_test_tables.adminlogin",
    "pk": 59,
    "fields": {
        "admin": [
            "admin"
        ],
        "time": "2017-07-20T14:39:34.461Z"
    }
},
{
    "model": "rpp_test_tables.adminlogin",
    "pk": 60,
    "fields": {
        "admin": [
            "admin"
        ],
        "time": "2017-07-24T13:33:26.390Z"
    }
},
{
    "model": "rpp_test_tables.adminlogin",
    "pk": 61,
    "fields": {
        "admin": [
            "admin"
        ],
        "time": "2017-07-25T01:57:44.508Z"
    }
},
{
    "model": "rpp_test_tables.adminlogin",
    "pk": 62,
    "fields": {
        "admin": [
            "admin"
        ],
        "time": "2017-07-25T02:01:41.201Z"
    }
},
{
    "model": "rpp_test_tables.retentionanalyst",
    "pk": 1,
    "fields": {
        "name": "Tim Quinn",
        "email": "retention@rpp.com"
    }
},
{
    "model": "rpp_test_tables.clientuser",
    "pk": 3,
    "fields": {
        "user": [
            "bmw_user"
        ],
        "client": 4,
        "cell": "111-222-3333"
    }
},
{
    "model": "rpp_test_tables.clientuser",
    "pk": 4,
    "fields": {
        "user": [
            "testUser"
        ],
        "client": 2,
        "cell": "631-342-4244"
    }
},
{
    "model": "rpp_test_tables.clientuser",
    "pk": 5,
    "fields": {
        "user": [
            "testUser2"
        ],
        "client": 2,
        "cell": "631-414-2211"
    }
},
{
    "model": "rpp_test_tables.quote",
    "pk": 1,
    "fields": {
        "client": null,
        "sales_agent": null,
        "contract": 1,
        "service_level": "C4P",
        "service_level_desc": "Onsite 24x8x4",
        "vendor": 1,
        "date": "2017-06-13",
        "quantity": 1,
        "install_site_name": "Affinion",
        "install_site_id": "4321432",
        "address": "30 W Shrock St",
        "begin_date": "2018-01-01",
        "end_date": "2024-01-01",
        "smartnet_service_sku": "CON-OPS",
        "list_price": 200.0,
        "unit_price": 400.0,
        "extended_price": 450.0
    }
},
{
    "model": "rpp_test_tables.quote",
    "pk": 2,
    "fields": {
        "client": null,
        "sales_agent": null,
        "contract": null,
        "service_level": "a",
        "service_level_desc": "a",
        "vendor": 1,
        "date": "2017-06-13",
        "quantity": 1,
        "install_site_name": "a",
        "install_site_id": "",
        "address": "a",
        "begin_date": "2020-01-01",
        "end_date": "2020-01-01",
        "smartnet_service_sku": "a",
        "list_price": 4.0,
        "unit_price": 4.0,
        "extended_price": 4.0
    }
},
{
    "model": "rpp_test_tables.clientupdate",
    "pk": 1,
    "fields": {
        "user": [
            "admin"
        ],
        "client": 2,
        "time": "2017-06-27T15:10:33.335Z"
    }
},
{
    "model": "rpp_test_tables.clientupdate",
    "pk": 2,
    "fields": {
        "user": [
            "admin"
        ],
        "client": 2,
        "time": "2017-06-27T15:15:34.144Z"
    }
},
{
    "model": "rpp_test_tables.clientupdate",
    "pk": 3,
    "fields": {
        "user": [
            "admin"
        ],
        "client": 3,
        "time": "2017-06-27T18:02:07.958Z"
    }
},
{
    "model": "rpp_test_tables.clientupdate",
    "pk": 4,
    "fields": {
        "user": [
            "admin"
        ],
        "client": 3,
        "time": "2017-06-27T18:03:31.286Z"
    }
},
{
    "model": "rpp_test_tables.clientupdate",
    "pk": 5,
    "fields": {
        "user": [
            "admin"
        ],
        "client": 3,
        "time": "2017-06-28T13:35:02.692Z"
    }
},
{
    "model": "rpp_test_tables.clientupdate",
    "pk": 6,
    "fields": {
        "user": [
            "admin"
        ],
        "client": 3,
        "time": "2017-07-13T14:16:30.693Z"
    }
},
{
    "model": "rpp_test_tables.clientupdate",
    "pk": 7,
    "fields": {
        "user": [
            "admin"
        ],
        "client": 3,
        "time": "2017-07-13T14:17:47.588Z"
    }
},
{
    "model": "rpp_test_tables.clientupdate",
    "pk": 8,
    "fields": {
        "user": [
            "admin"
        ],
        "client": 3,
        "time": "2017-07-13T18:19:48.441Z"
    }
},
{
    "model": "rpp_test_tables.contractupdate",
    "pk": 1,
    "fields": {
        "user": [
            "admin"
        ],
        "contract": 6,
        "time": "2017-06-28T17:19:39.551Z"
    }
},
{
    "model": "rpp_test_tables.contractupdate",
    "pk": 2,
    "fields": {
        "user": [
            "admin"
        ],
        "contract": 4,
        "time": "2017-07-10T13:39:36.123Z"
    }
},
{
    "model": "rpp_test_tables.contractupdate",
    "pk": 3,
    "fields": {
        "user": [
            "admin"
        ],
        "contract": 4,
        "time": "2017-07-10T13:43:29.198Z"
    }
},
{
    "model": "rpp_test_tables.contractupdate",
    "pk": 4,
    "fields": {
        "user": [
            "admin"
        ],
        "contract": 15,
        "time": "2017-07-10T15:34:22.343Z"
    }
},
{
    "model": "rpp_test_tables.contractupdate",
    "pk": 5,
    "fields": {
        "user": [
            "admin"
        ],
        "contract": 15,
        "time": "2017-07-10T16:45:11.141Z"
    }
},
{
    "model": "rpp_test_tables.contractupdate",
    "pk": 6,
    "fields": {
        "user": [
            "admin"
        ],
        "contract": 7,
        "time": "2017-07-10T18:41:56.827Z"
    }
},
{
    "model": "rpp_test_tables.contractupdate",
    "pk": 7,
    "fields": {
        "user": [
            "admin"
        ],
        "contract": 7,
        "time": "2017-07-10T18:57:55.498Z"
    }
},
{
    "model": "rpp_test_tables.contractupdate",
    "pk": 8,
    "fields": {
        "user": [
            "admin"
        ],
        "contract": 7,
        "time": "2017-07-10T18:58:35.403Z"
    }
},
{
    "model": "rpp_test_tables.contractupdate",
    "pk": 9,
    "fields": {
        "user": [
            "admin"
        ],
        "contract": 7,
        "time": "2017-07-10T18:59:28.401Z"
    }
},
{
    "model": "rpp_test_tables.contractupdate",
    "pk": 10,
    "fields": {
        "user": [
            "admin"
        ],
        "contract": 7,
        "time": "2017-07-10T19:00:09.666Z"
    }
},
{
    "model": "rpp_test_tables.contractupdate",
    "pk": 11,
    "fields": {
        "user": [
            "admin"
        ],
        "contract": 7,
        "time": "2017-07-10T19:02:31.365Z"
    }
},
{
    "model": "rpp_test_tables.contractupdate",
    "pk": 12,
    "fields": {
        "user": [
            "admin"
        ],
        "contract": 7,
        "time": "2017-07-10T19:07:48.810Z"
    }
},
{
    "model": "rpp_test_tables.contractupdate",
    "pk": 13,
    "fields": {
        "user": [
            "admin"
        ],
        "contract": 7,
        "time": "2017-07-10T19:08:47.945Z"
    }
},
{
    "model": "rpp_test_tables.contractupdate",
    "pk": 14,
    "fields": {
        "user": [
            "admin"
        ],
        "contract": 7,
        "time": "2017-07-10T19:10:29.668Z"
    }
},
{
    "model": "rpp_test_tables.contractupdate",
    "pk": 15,
    "fields": {
        "user": [
            "admin"
        ],
        "contract": 7,
        "time": "2017-07-10T19:33:42.321Z"
    }
},
{
    "model": "rpp_test_tables.contractupdate",
    "pk": 16,
    "fields": {
        "user": [
            "admin"
        ],
        "contract": 7,
        "time": "2017-07-10T19:34:24.478Z"
    }
},
{
    "model": "rpp_test_tables.contractupdate",
    "pk": 17,
    "fields": {
        "user": [
            "admin"
        ],
        "contract": 7,
        "time": "2017-07-10T19:48:19.927Z"
    }
},
{
    "model": "rpp_test_tables.contractupdate",
    "pk": 18,
    "fields": {
        "user": [
            "admin"
        ],
        "contract": 7,
        "time": "2017-07-11T13:34:44.327Z"
    }
},
{
    "model": "rpp_test_tables.contractupdate",
    "pk": 19,
    "fields": {
        "user": [
            "admin"
        ],
        "contract": 7,
        "time": "2017-07-11T13:40:35.020Z"
    }
},
{
    "model": "rpp_test_tables.contractupdate",
    "pk": 20,
    "fields": {
        "user": [
            "admin"
        ],
        "contract": 7,
        "time": "2017-07-11T13:46:00.432Z"
    }
},
{
    "model": "rpp_test_tables.contractupdate",
    "pk": 21,
    "fields": {
        "user": [
            "admin"
        ],
        "contract": 7,
        "time": "2017-07-11T13:47:34.689Z"
    }
},
{
    "model": "rpp_test_tables.contractupdate",
    "pk": 22,
    "fields": {
        "user": [
            "admin"
        ],
        "contract": 7,
        "time": "2017-07-11T13:49:39.769Z"
    }
},
{
    "model": "rpp_test_tables.contractupdate",
    "pk": 23,
    "fields": {
        "user": [
            "admin"
        ],
        "contract": 7,
        "time": "2017-07-11T14:23:34.654Z"
    }
},
{
    "model": "rpp_test_tables.contractupdate",
    "pk": 24,
    "fields": {
        "user": [
            "admin"
        ],
        "contract": 7,
        "time": "2017-07-11T14:47:30.398Z"
    }
},
{
    "model": "rpp_test_tables.contractupdate",
    "pk": 25,
    "fields": {
        "user": [
            "admin"
        ],
        "contract": 9,
        "time": "2017-07-11T19:29:52.441Z"
    }
},
{
    "model": "rpp_test_tables.contractupdate",
    "pk": 26,
    "fields": {
        "user": [
            "admin"
        ],
        "contract": 4,
        "time": "2017-07-12T13:38:41.895Z"
    }
},
{
    "model": "rpp_test_tables.contractupdate",
    "pk": 27,
    "fields": {
        "user": [
            "admin"
        ],
        "contract": 4,
        "time": "2017-07-14T19:11:59.269Z"
    }
},
{
    "model": "rpp_test_tables.contractupdate",
    "pk": 28,
    "fields": {
        "user": [
            "admin"
        ],
        "contract": 4,
        "time": "2017-07-14T19:12:39.978Z"
    }
},
{
    "model": "rpp_test_tables.contractupdate",
    "pk": 29,
    "fields": {
        "user": [
            "admin"
        ],
        "contract": 4,
        "time": "2017-07-14T19:13:41.061Z"
    }
},
{
    "model": "rpp_test_tables.contractupdate",
    "pk": 30,
    "fields": {
        "user": [
            "admin"
        ],
        "contract": 3,
        "time": "2017-07-17T14:10:05.703Z"
    }
},
{
    "model": "rpp_test_tables.contractupdate",
    "pk": 31,
    "fields": {
        "user": [
            "admin"
        ],
        "contract": 4,
        "time": "2017-07-18T16:01:04.384Z"
    }
},
{
    "model": "rpp_test_tables.contractupdate",
    "pk": 32,
    "fields": {
        "user": [
            "admin"
        ],
        "contract": 4,
        "time": "2017-07-18T16:03:13.478Z"
    }
},
{
    "model": "rpp_test_tables.contractupdate",
    "pk": 33,
    "fields": {
        "user": [
            "admin"
        ],
        "contract": 18,
        "time": "2017-07-18T16:07:58.081Z"
    }
},
{
    "model": "rpp_test_tables.contractupdate",
    "pk": 34,
    "fields": {
        "user": [
            "admin"
        ],
        "contract": 18,
        "time": "2017-07-18T16:09:41.179Z"
    }
},
{
    "model": "rpp_test_tables.contractupdate",
    "pk": 35,
    "fields": {
        "user": [
            "admin"
        ],
        "contract": 18,
        "time": "2017-07-18T16:11:38.823Z"
    }
},
{
    "model": "rpp_test_tables.contractupdate",
    "pk": 36,
    "fields": {
        "user": [
            "admin"
        ],
        "contract": 4,
        "time": "2017-07-18T16:25:12.537Z"
    }
},
{
    "model": "rpp_test_tables.contractupdate",
    "pk": 37,
    "fields": {
        "user": [
            "admin"
        ],
        "contract": 4,
        "time": "2017-07-18T16:59:22.371Z"
    }
},
{
    "model": "rpp_test_tables.contractupdate",
    "pk": 38,
    "fields": {
        "user": [
            "admin"
        ],
        "contract": 4,
        "time": "2017-07-18T17:01:19.790Z"
    }
},
{
    "model": "rpp_test_tables.contractupdate",
    "pk": 39,
    "fields": {
        "user": [
            "admin"
        ],
        "contract": 4,
        "time": "2017-07-18T18:43:34.688Z"
    }
},
{
    "model": "rpp_test_tables.contractupdate",
    "pk": 40,
    "fields": {
        "user": [
            "admin"
        ],
        "contract": 4,
        "time": "2017-07-18T18:45:18.095Z"
    }
},
{
    "model": "rpp_test_tables.contractupdate",
    "pk": 41,
    "fields": {
        "user": [
            "admin"
        ],
        "contract": 4,
        "time": "2017-07-18T18:47:04.064Z"
    }
},
{
    "model": "rpp_test_tables.contractupdate",
    "pk": 42,
    "fields": {
        "user": [
            "admin"
        ],
        "contract": 4,
        "time": "2017-07-18T18:47:42.744Z"
    }
},
{
    "model": "rpp_test_tables.contractupdateemaillog",
    "pk": 1,
    "fields": {
        "contract": 4,
        "recipient": "ESPN",
        "time": "2017-07-12T13:38:41.876Z",
        "details": "ESPN\n400.0\n2017-09-22"
    }
},
{
    "model": "rpp_test_tables.contractupdateemaillog",
    "pk": 2,
    "fields": {
        "contract": 4,
        "recipient": "Tim Quinn",
        "time": "2017-07-14T19:11:59.249Z",
        "details": "Hello, Tim Quinn. Your contract ESPNCisco400.0 has been updated."
    }
},
{
    "model": "rpp_test_tables.contractupdateemaillog",
    "pk": 3,
    "fields": {
        "contract": 4,
        "recipient": "Tim Quinn",
        "time": "2017-07-14T19:12:39.945Z",
        "details": "Hello, Tim Quinn. Your contract ESPNCisco400.0 has been updated."
    }
},
{
    "model": "rpp_test_tables.contractupdateemaillog",
    "pk": 4,
    "fields": {
        "contract": 4,
        "recipient": "Tim Quinn",
        "time": "2017-07-14T19:13:41.047Z",
        "details": "Hello, Tim Quinn. Your contract ESPNCisco400.0 has been updated."
    }
},
{
    "model": "rpp_test_tables.contractupdateemaillog",
    "pk": 5,
    "fields": {
        "contract": 3,
        "recipient": "Tim Quinn",
        "time": "2017-07-17T14:10:05.686Z",
        "details": "Hello, Tim Quinn. Your contract lfdf341234l151l5 has been updated."
    }
},
{
    "model": "rpp_test_tables.contractupdateemaillog",
    "pk": 6,
    "fields": {
        "contract": 4,
        "recipient": "Tim Quinn",
        "time": "2017-07-18T16:01:04.362Z",
        "details": "Hello, Tim Quinn. Your contract dfqef3515132 has been updated."
    }
},
{
    "model": "rpp_test_tables.contractupdateemaillog",
    "pk": 7,
    "fields": {
        "contract": 4,
        "recipient": "Tim Quinn",
        "time": "2017-07-18T16:03:13.465Z",
        "details": "Hello, Tim Quinn. Your contract dfqef3515132 has been updated."
    }
},
{
    "model": "rpp_test_tables.contractupdateemaillog",
    "pk": 8,
    "fields": {
        "contract": 18,
        "recipient": "Tim Quinn",
        "time": "2017-07-18T16:07:58.068Z",
        "details": "Hello, Tim Quinn. Your contract kr1344114 has been updated."
    }
},
{
    "model": "rpp_test_tables.contractupdateemaillog",
    "pk": 9,
    "fields": {
        "contract": 18,
        "recipient": "Tim Quinn",
        "time": "2017-07-18T16:09:41.167Z",
        "details": "Hello, Tim Quinn. Your contract kr1344114 has been updated."
    }
},
{
    "model": "rpp_test_tables.contractupdateemaillog",
    "pk": 10,
    "fields": {
        "contract": 18,
        "recipient": "Tim Quinn",
        "time": "2017-07-18T16:11:38.805Z",
        "details": "Hello, Tim Quinn. Your contract kr1344114 has been updated."
    }
},
{
    "model": "rpp_test_tables.contractupdateemaillog",
    "pk": 11,
    "fields": {
        "contract": 4,
        "recipient": "Tim Quinn",
        "time": "2017-07-18T16:25:12.518Z",
        "details": "Hello, Tim Quinn. Your contract dfqef3515132 has been updated."
    }
},
{
    "model": "rpp_test_tables.contractupdateemaillog",
    "pk": 12,
    "fields": {
        "contract": 4,
        "recipient": "Tim Quinn",
        "time": "2017-07-18T16:59:22.346Z",
        "details": "Hello, Tim Quinn. Your contract dfqef3515132 has been updated."
    }
},
{
    "model": "rpp_test_tables.contractupdateemaillog",
    "pk": 13,
    "fields": {
        "contract": 4,
        "recipient": "Tim Quinn",
        "time": "2017-07-18T17:01:19.675Z",
        "details": "Hello, Tim Quinn. Your contract dfqef3515132 has been updated."
    }
},
{
    "model": "rpp_test_tables.contractupdateemaillog",
    "pk": 14,
    "fields": {
        "contract": 4,
        "recipient": "Tim Quinn",
        "time": "2017-07-18T18:43:34.671Z",
        "details": "Hello, Tim Quinn. Your contract dfqef3515132 has been updated."
    }
},
{
    "model": "rpp_test_tables.contractupdateemaillog",
    "pk": 15,
    "fields": {
        "contract": 4,
        "recipient": "Tim Quinn",
        "time": "2017-07-18T18:45:18.079Z",
        "details": "Hello, Tim Quinn. Your contract dfqef3515132 has been updated."
    }
},
{
    "model": "rpp_test_tables.contractupdateemaillog",
    "pk": 16,
    "fields": {
        "contract": 4,
        "recipient": "Tim Quinn",
        "time": "2017-07-18T18:47:04.048Z",
        "details": "Hello, Tim Quinn. Your contract dfqef3515132 has been updated."
    }
},
{
    "model": "rpp_test_tables.contractupdateemaillog",
    "pk": 17,
    "fields": {
        "contract": 4,
        "recipient": "Tim Quinn",
        "time": "2017-07-18T18:47:42.729Z",
        "details": "Hello, Tim Quinn. Your contract dfqef3515132 has been updated."
    }
},
{
    "model": "rpp_test_tables.contractreportemaillog",
    "pk": 1,
    "fields": {
        "contract": 1,
        "recipient": 2,
        "time": "2017-07-24T16:39:55.188Z",
        "chart": "excel/ESPN-95159501-07-24-17.xlsx",
        "completed": true
    }
},
{
    "model": "rpp_test_tables.contractreportemaillog",
    "pk": 2,
    "fields": {
        "contract": 1,
        "recipient": 2,
        "time": "2017-07-24T16:43:48.341Z",
        "chart": "excel/ESPN-95159501-07-24-17.xlsx",
        "completed": true
    }
},
{
    "model": "rpp_test_tables.contractreportemaillog",
    "pk": 3,
    "fields": {
        "contract": 1,
        "recipient": 2,
        "time": "2017-07-24T16:44:39.525Z",
        "chart": "excel/ESPN-95159501-07-24-17.xlsx",
        "completed": true
    }
},
{
    "model": "rpp_test_tables.contractreportemaillog",
    "pk": 4,
    "fields": {
        "contract": 1,
        "recipient": 2,
        "time": "2017-07-24T16:44:54.200Z",
        "chart": "excel/ESPN-95159501-07-24-17.xlsx",
        "completed": true
    }
},
{
    "model": "rpp_test_tables.contractreportemaillog",
    "pk": 5,
    "fields": {
        "contract": 1,
        "recipient": 2,
        "time": "2017-07-24T16:46:40.217Z",
        "chart": "excel/ESPN-95159501-07-24-17.xlsx",
        "completed": true
    }
},
{
    "model": "rpp_test_tables.contractreportemaillog",
    "pk": 6,
    "fields": {
        "contract": 1,
        "recipient": 2,
        "time": "2017-07-24T16:50:22.795Z",
        "chart": "excel/ESPN-95159501-07-24-17.xlsx",
        "completed": true
    }
},
{
    "model": "rpp_test_tables.contractreportemaillog",
    "pk": 7,
    "fields": {
        "contract": 1,
        "recipient": 2,
        "time": "2017-07-24T16:52:45.712Z",
        "chart": "excel/ESPN-95159501-07-24-17.xlsx",
        "completed": true
    }
},
{
    "model": "rpp_test_tables.contractreportemaillog",
    "pk": 8,
    "fields": {
        "contract": 1,
        "recipient": 2,
        "time": "2017-07-24T16:53:07.705Z",
        "chart": "excel/ESPN-95159501-07-24-17.xlsx",
        "completed": true
    }
},
{
    "model": "rpp_test_tables.contractreportemaillog",
    "pk": 9,
    "fields": {
        "contract": 1,
        "recipient": 2,
        "time": "2017-07-24T18:13:38.787Z",
        "chart": "excel/ESPN-95159501-07-24-17.xlsx",
        "completed": true
    }
},
{
    "model": "rpp_test_tables.contractreportemaillog",
    "pk": 10,
    "fields": {
        "contract": 1,
        "recipient": 2,
        "time": "2017-07-24T18:18:13.091Z",
        "chart": "excel/ESPN-95159501-07-24-17.xlsx",
        "completed": true
    }
},
{
    "model": "rpp_test_tables.contractreportemaillog",
    "pk": 11,
    "fields": {
        "contract": 1,
        "recipient": 2,
        "time": "2017-07-24T18:19:44.873Z",
        "chart": "excel/ESPN-95159501-07-24-17.xlsx",
        "completed": true
    }
},
{
    "model": "rpp_test_tables.contractreportemaillog",
    "pk": 12,
    "fields": {
        "contract": 1,
        "recipient": 2,
        "time": "2017-07-24T18:20:55.199Z",
        "chart": "excel/ESPN-95159501-07-24-17.xlsx",
        "completed": true
    }
},
{
    "model": "rpp_test_tables.contractreportemaillog",
    "pk": 13,
    "fields": {
        "contract": 1,
        "recipient": 2,
        "time": "2017-07-24T18:21:31.174Z",
        "chart": "excel/ESPN-95159501-07-24-17.xlsx",
        "completed": true
    }
},
{
    "model": "rpp_test_tables.contractreportemaillog",
    "pk": 14,
    "fields": {
        "contract": 1,
        "recipient": 2,
        "time": "2017-07-24T18:21:44.435Z",
        "chart": "excel/ESPN-95159501-07-24-17.xlsx",
        "completed": true
    }
},
{
    "model": "rpp_test_tables.contractreportemaillog",
    "pk": 15,
    "fields": {
        "contract": 1,
        "recipient": 2,
        "time": "2017-07-24T18:22:20.616Z",
        "chart": "excel/ESPN-95159501-07-24-17.xlsx",
        "completed": true
    }
},
{
    "model": "rpp_test_tables.contractnumber",
    "pk": 1,
    "fields": {
        "number": "95159501",
        "client": 2,
        "vendor": 1,
        "sales_agent": 1
    }
},
{
    "model": "admin.logentry",
    "pk": 1,
    "fields": {
        "action_time": "2017-05-17T18:36:11.553Z",
        "user": [
            "admin"
        ],
        "content_type": [
            "auth",
            "user"
        ],
        "object_id": "2",
        "object_repr": "testUser",
        "action_flag": 1,
        "change_message": "[{\"added\": {}}]"
    }
},
{
    "model": "admin.logentry",
    "pk": 2,
    "fields": {
        "action_time": "2017-05-17T18:36:45.123Z",
        "user": [
            "admin"
        ],
        "content_type": [
            "rpp_test_tables",
            "client"
        ],
        "object_id": "1",
        "object_repr": "Client object",
        "action_flag": 1,
        "change_message": "[{\"added\": {}}]"
    }
},
{
    "model": "admin.logentry",
    "pk": 3,
    "fields": {
        "action_time": "2017-05-17T18:37:03.192Z",
        "user": [
            "admin"
        ],
        "content_type": [
            "rpp_test_tables",
            "vendor"
        ],
        "object_id": "1",
        "object_repr": "Vendor object",
        "action_flag": 1,
        "change_message": "[{\"added\": {}}]"
    }
},
{
    "model": "admin.logentry",
    "pk": 4,
    "fields": {
        "action_time": "2017-05-17T18:37:13.420Z",
        "user": [
            "admin"
        ],
        "content_type": [
            "rpp_test_tables",
            "manufacturer"
        ],
        "object_id": "1",
        "object_repr": "Manufacturer object",
        "action_flag": 1,
        "change_message": "[{\"added\": {}}]"
    }
},
{
    "model": "admin.logentry",
    "pk": 5,
    "fields": {
        "action_time": "2017-05-17T18:37:39.471Z",
        "user": [
            "admin"
        ],
        "content_type": [
            "rpp_test_tables",
            "partnumber"
        ],
        "object_id": "1",
        "object_repr": "PartNumber object",
        "action_flag": 1,
        "change_message": "[{\"added\": {}}]"
    }
},
{
    "model": "admin.logentry",
    "pk": 6,
    "fields": {
        "action_time": "2017-05-17T18:38:53.920Z",
        "user": [
            "admin"
        ],
        "content_type": [
            "rpp_test_tables",
            "product"
        ],
        "object_id": "1",
        "object_repr": "Product object",
        "action_flag": 1,
        "change_message": "[{\"added\": {}}]"
    }
},
{
    "model": "admin.logentry",
    "pk": 7,
    "fields": {
        "action_time": "2017-05-17T18:39:20.078Z",
        "user": [
            "admin"
        ],
        "content_type": [
            "rpp_test_tables",
            "product"
        ],
        "object_id": "1",
        "object_repr": "Product object",
        "action_flag": 2,
        "change_message": "[{\"changed\": {\"fields\": [\"disposal\"]}}]"
    }
},
{
    "model": "admin.logentry",
    "pk": 8,
    "fields": {
        "action_time": "2017-05-17T19:00:49.890Z",
        "user": [
            "admin"
        ],
        "content_type": [
            "rpp_test_tables",
            "contract"
        ],
        "object_id": "1",
        "object_repr": "Contract object",
        "action_flag": 1,
        "change_message": "[{\"added\": {}}]"
    }
},
{
    "model": "admin.logentry",
    "pk": 9,
    "fields": {
        "action_time": "2017-05-17T19:22:45.917Z",
        "user": [
            "admin"
        ],
        "content_type": [
            "rpp_test_tables",
            "contract"
        ],
        "object_id": "1",
        "object_repr": "Contract object",
        "action_flag": 2,
        "change_message": "[{\"changed\": {\"fields\": [\"start_date\", \"end_date\"]}}]"
    }
},
{
    "model": "admin.logentry",
    "pk": 10,
    "fields": {
        "action_time": "2017-05-17T19:22:57.726Z",
        "user": [
            "admin"
        ],
        "content_type": [
            "rpp_test_tables",
            "product"
        ],
        "object_id": "1",
        "object_repr": "Product object",
        "action_flag": 2,
        "change_message": "[{\"changed\": {\"fields\": [\"purchase_date\"]}}]"
    }
},
{
    "model": "admin.logentry",
    "pk": 11,
    "fields": {
        "action_time": "2017-05-17T19:33:53.227Z",
        "user": [
            "admin"
        ],
        "content_type": [
            "rpp_test_tables",
            "partnumber"
        ],
        "object_id": "2",
        "object_repr": "PartNumber object",
        "action_flag": 1,
        "change_message": "[{\"added\": {}}]"
    }
},
{
    "model": "admin.logentry",
    "pk": 12,
    "fields": {
        "action_time": "2017-05-17T19:34:05.804Z",
        "user": [
            "admin"
        ],
        "content_type": [
            "rpp_test_tables",
            "partnumber"
        ],
        "object_id": "3",
        "object_repr": "PartNumber object",
        "action_flag": 1,
        "change_message": "[{\"added\": {}}]"
    }
},
{
    "model": "admin.logentry",
    "pk": 13,
    "fields": {
        "action_time": "2017-05-17T19:34:37.273Z",
        "user": [
            "admin"
        ],
        "content_type": [
            "rpp_test_tables",
            "vendor"
        ],
        "object_id": "2",
        "object_repr": "IBM",
        "action_flag": 1,
        "change_message": "[{\"added\": {}}]"
    }
},
{
    "model": "admin.logentry",
    "pk": 14,
    "fields": {
        "action_time": "2017-05-17T19:34:51.939Z",
        "user": [
            "admin"
        ],
        "content_type": [
            "rpp_test_tables",
            "vendor"
        ],
        "object_id": "3",
        "object_repr": "Verizon",
        "action_flag": 1,
        "change_message": "[{\"added\": {}}]"
    }
},
{
    "model": "admin.logentry",
    "pk": 15,
    "fields": {
        "action_time": "2017-05-17T19:35:06.520Z",
        "user": [
            "admin"
        ],
        "content_type": [
            "rpp_test_tables",
            "manufacturer"
        ],
        "object_id": "2",
        "object_repr": "IBM",
        "action_flag": 1,
        "change_message": "[{\"added\": {}}]"
    }
},
{
    "model": "admin.logentry",
    "pk": 16,
    "fields": {
        "action_time": "2017-05-17T19:35:12.266Z",
        "user": [
            "admin"
        ],
        "content_type": [
            "rpp_test_tables",
            "manufacturer"
        ],
        "object_id": "3",
        "object_repr": "Verizon",
        "action_flag": 1,
        "change_message": "[{\"added\": {}}]"
    }
},
{
    "model": "admin.logentry",
    "pk": 17,
    "fields": {
        "action_time": "2017-05-17T19:35:33.084Z",
        "user": [
            "admin"
        ],
        "content_type": [
            "rpp_test_tables",
            "partnumber"
        ],
        "object_id": "4",
        "object_repr": "PartNumber object",
        "action_flag": 1,
        "change_message": "[{\"added\": {}}]"
    }
},
{
    "model": "admin.logentry",
    "pk": 18,
    "fields": {
        "action_time": "2017-05-17T19:35:49.751Z",
        "user": [
            "admin"
        ],
        "content_type": [
            "rpp_test_tables",
            "partnumber"
        ],
        "object_id": "5",
        "object_repr": "PartNumber object",
        "action_flag": 1,
        "change_message": "[{\"added\": {}}]"
    }
},
{
    "model": "admin.logentry",
    "pk": 19,
    "fields": {
        "action_time": "2017-05-17T19:36:02.883Z",
        "user": [
            "admin"
        ],
        "content_type": [
            "rpp_test_tables",
            "partnumber"
        ],
        "object_id": "6",
        "object_repr": "PartNumber object",
        "action_flag": 1,
        "change_message": "[{\"added\": {}}]"
    }
},
{
    "model": "admin.logentry",
    "pk": 20,
    "fields": {
        "action_time": "2017-05-17T19:36:10.449Z",
        "user": [
            "admin"
        ],
        "content_type": [
            "rpp_test_tables",
            "partnumber"
        ],
        "object_id": "7",
        "object_repr": "PartNumber object",
        "action_flag": 1,
        "change_message": "[{\"added\": {}}]"
    }
},
{
    "model": "admin.logentry",
    "pk": 21,
    "fields": {
        "action_time": "2017-05-17T19:36:17.406Z",
        "user": [
            "admin"
        ],
        "content_type": [
            "rpp_test_tables",
            "partnumber"
        ],
        "object_id": "8",
        "object_repr": "PartNumber object",
        "action_flag": 1,
        "change_message": "[{\"added\": {}}]"
    }
},
{
    "model": "admin.logentry",
    "pk": 22,
    "fields": {
        "action_time": "2017-05-17T19:45:47.577Z",
        "user": [
            "admin"
        ],
        "content_type": [
            "rpp_test_tables",
            "product"
        ],
        "object_id": "2",
        "object_repr": "56146df234d",
        "action_flag": 1,
        "change_message": "[{\"added\": {}}]"
    }
},
{
    "model": "admin.logentry",
    "pk": 23,
    "fields": {
        "action_time": "2017-05-17T19:55:36.921Z",
        "user": [
            "admin"
        ],
        "content_type": [
            "rpp_test_tables",
            "contract"
        ],
        "object_id": "2",
        "object_repr": "testUserVerizon1000.0",
        "action_flag": 1,
        "change_message": "[{\"added\": {}}]"
    }
},
{
    "model": "admin.logentry",
    "pk": 24,
    "fields": {
        "action_time": "2017-05-18T15:15:01.435Z",
        "user": [
            "admin"
        ],
        "content_type": [
            "auth",
            "user"
        ],
        "object_id": "3",
        "object_repr": "testSales",
        "action_flag": 1,
        "change_message": "[{\"added\": {}}]"
    }
},
{
    "model": "admin.logentry",
    "pk": 25,
    "fields": {
        "action_time": "2017-05-18T15:15:18.275Z",
        "user": [
            "admin"
        ],
        "content_type": [
            "rpp_test_tables",
            "salesaccount"
        ],
        "object_id": "1",
        "object_repr": "SalesAccount object",
        "action_flag": 1,
        "change_message": "[{\"added\": {}}]"
    }
},
{
    "model": "admin.logentry",
    "pk": 26,
    "fields": {
        "action_time": "2017-05-18T15:16:55.795Z",
        "user": [
            "admin"
        ],
        "content_type": [
            "rpp_test_tables",
            "contract"
        ],
        "object_id": "2",
        "object_repr": "testUserVerizon1000.0",
        "action_flag": 2,
        "change_message": "[{\"changed\": {\"fields\": [\"commission\"]}}]"
    }
},
{
    "model": "admin.logentry",
    "pk": 27,
    "fields": {
        "action_time": "2017-05-18T15:17:03.649Z",
        "user": [
            "admin"
        ],
        "content_type": [
            "rpp_test_tables",
            "contract"
        ],
        "object_id": "1",
        "object_repr": "testUserCisco400.0",
        "action_flag": 2,
        "change_message": "[{\"changed\": {\"fields\": [\"commission\"]}}]"
    }
},
{
    "model": "admin.logentry",
    "pk": 28,
    "fields": {
        "action_time": "2017-05-22T14:15:42.890Z",
        "user": [
            "admin"
        ],
        "content_type": [
            "rpp_test_tables",
            "partnumber"
        ],
        "object_id": "9",
        "object_repr": "Cisco Cisco Catalyst 6509E  WS-SUP32-GE-3B  Fan Tray (req. P/S)",
        "action_flag": 1,
        "change_message": "[{\"added\": {}}]"
    }
},
{
    "model": "admin.logentry",
    "pk": 29,
    "fields": {
        "action_time": "2017-05-22T14:16:28.904Z",
        "user": [
            "admin"
        ],
        "content_type": [
            "rpp_test_tables",
            "partnumber"
        ],
        "object_id": "10",
        "object_repr": "Cisco Cisco 3925 Voice Sec. Bundle  PVDM3-64  UC&SEC Lic FL-CUBE25",
        "action_flag": 1,
        "change_message": "[{\"added\": {}}]"
    }
},
{
    "model": "admin.logentry",
    "pk": 30,
    "fields": {
        "action_time": "2017-05-22T14:16:44.560Z",
        "user": [
            "admin"
        ],
        "content_type": [
            "rpp_test_tables",
            "partnumber"
        ],
        "object_id": "11",
        "object_repr": "Cisco Cisco 2901 w/2 GE 4 EHWIC 2 DSP 256MB CF 512MB DRAM IP Base",
        "action_flag": 1,
        "change_message": "[{\"added\": {}}]"
    }
},
{
    "model": "admin.logentry",
    "pk": 31,
    "fields": {
        "action_time": "2017-05-22T14:17:46.284Z",
        "user": [
            "admin"
        ],
        "content_type": [
            "auth",
            "user"
        ],
        "object_id": "4",
        "object_repr": "testUser2",
        "action_flag": 1,
        "change_message": "[{\"added\": {}}]"
    }
},
{
    "model": "admin.logentry",
    "pk": 32,
    "fields": {
        "action_time": "2017-05-22T14:17:57.497Z",
        "user": [
            "admin"
        ],
        "content_type": [
            "auth",
            "user"
        ],
        "object_id": "5",
        "object_repr": "testUser3",
        "action_flag": 1,
        "change_message": "[{\"added\": {}}]"
    }
},
{
    "model": "admin.logentry",
    "pk": 33,
    "fields": {
        "action_time": "2017-05-22T14:18:24.670Z",
        "user": [
            "admin"
        ],
        "content_type": [
            "rpp_test_tables",
            "client"
        ],
        "object_id": "2",
        "object_repr": "Client object",
        "action_flag": 1,
        "change_message": "[{\"added\": {}}]"
    }
},
{
    "model": "admin.logentry",
    "pk": 34,
    "fields": {
        "action_time": "2017-05-22T14:18:36.143Z",
        "user": [
            "admin"
        ],
        "content_type": [
            "rpp_test_tables",
            "client"
        ],
        "object_id": "3",
        "object_repr": "Client object",
        "action_flag": 1,
        "change_message": "[{\"added\": {}}]"
    }
},
{
    "model": "admin.logentry",
    "pk": 35,
    "fields": {
        "action_time": "2017-05-22T14:19:03.410Z",
        "user": [
            "admin"
        ],
        "content_type": [
            "rpp_test_tables",
            "product"
        ],
        "object_id": "3",
        "object_repr": "CiscoCisco Catalyst 6509E  WS-SUP32-GE-3B  Fan Tray (req. P/S)testUser2",
        "action_flag": 1,
        "change_message": "[{\"added\": {}}]"
    }
},
{
    "model": "admin.logentry",
    "pk": 36,
    "fields": {
        "action_time": "2017-05-22T14:19:45.096Z",
        "user": [
            "admin"
        ],
        "content_type": [
            "rpp_test_tables",
            "contract"
        ],
        "object_id": "3",
        "object_repr": "testUser2Cisco1000.0",
        "action_flag": 1,
        "change_message": "[{\"added\": {}}]"
    }
},
{
    "model": "admin.logentry",
    "pk": 37,
    "fields": {
        "action_time": "2017-05-22T14:20:07.662Z",
        "user": [
            "admin"
        ],
        "content_type": [
            "rpp_test_tables",
            "product"
        ],
        "object_id": "4",
        "object_repr": "CiscoCisco 2901 w/2 GE 4 EHWIC 2 DSP 256MB CF 512MB DRAM IP BasetestUser2",
        "action_flag": 1,
        "change_message": "[{\"added\": {}}]"
    }
},
{
    "model": "admin.logentry",
    "pk": 38,
    "fields": {
        "action_time": "2017-05-22T14:20:49.820Z",
        "user": [
            "admin"
        ],
        "content_type": [
            "rpp_test_tables",
            "contract"
        ],
        "object_id": "4",
        "object_repr": "testUser2Cisco400.0",
        "action_flag": 1,
        "change_message": "[{\"added\": {}}]"
    }
},
{
    "model": "admin.logentry",
    "pk": 39,
    "fields": {
        "action_time": "2017-05-22T14:33:12.559Z",
        "user": [
            "admin"
        ],
        "content_type": [
            "rpp_test_tables",
            "product"
        ],
        "object_id": "5",
        "object_repr": "CiscoCisco 3925 Voice Sec. Bundle  PVDM3-64  UC&SEC Lic FL-CUBE25testUser2",
        "action_flag": 1,
        "change_message": "[{\"added\": {}}]"
    }
},
{
    "model": "admin.logentry",
    "pk": 40,
    "fields": {
        "action_time": "2017-05-22T14:33:42.532Z",
        "user": [
            "admin"
        ],
        "content_type": [
            "rpp_test_tables",
            "contract"
        ],
        "object_id": "5",
        "object_repr": "testUser2Cisco1000.0",
        "action_flag": 1,
        "change_message": "[{\"added\": {}}]"
    }
},
{
    "model": "admin.logentry",
    "pk": 41,
    "fields": {
        "action_time": "2017-05-22T15:12:04.844Z",
        "user": [
            "admin"
        ],
        "content_type": [
            "rpp_test_tables",
            "contract"
        ],
        "object_id": "6",
        "object_repr": "testUser2Cisco100.0",
        "action_flag": 1,
        "change_message": "[{\"added\": {}}]"
    }
},
{
    "model": "admin.logentry",
    "pk": 42,
    "fields": {
        "action_time": "2017-05-22T18:36:48.699Z",
        "user": [
            "admin"
        ],
        "content_type": [
            "rpp_test_tables",
            "contract"
        ],
        "object_id": "7",
        "object_repr": "testUser2Cisco400.0",
        "action_flag": 1,
        "change_message": "[{\"added\": {}}]"
    }
},
{
    "model": "admin.logentry",
    "pk": 43,
    "fields": {
        "action_time": "2017-05-23T19:15:59.333Z",
        "user": [
            "admin"
        ],
        "content_type": [
            "rpp_test_tables",
            "product"
        ],
        "object_id": "6",
        "object_repr": "CiscoCisco Catalyst 6509E  WS-SUP32-GE-3B  Fan Tray (req. P/S)testUser3",
        "action_flag": 3,
        "change_message": ""
    }
},
{
    "model": "admin.logentry",
    "pk": 44,
    "fields": {
        "action_time": "2017-05-23T19:16:40.583Z",
        "user": [
            "admin"
        ],
        "content_type": [
            "rpp_test_tables",
            "product"
        ],
        "object_id": "7",
        "object_repr": "CiscoCisco Catalyst 6509E  WS-SUP32-GE-3B  Fan Tray (req. P/S)testUser3",
        "action_flag": 3,
        "change_message": ""
    }
},
{
    "model": "admin.logentry",
    "pk": 45,
    "fields": {
        "action_time": "2017-05-23T19:18:39.540Z",
        "user": [
            "admin"
        ],
        "content_type": [
            "rpp_test_tables",
            "product"
        ],
        "object_id": "8",
        "object_repr": "CiscoCisco Catalyst 6509E  WS-SUP32-GE-3B  Fan Tray (req. P/S)testUser3",
        "action_flag": 3,
        "change_message": ""
    }
},
{
    "model": "admin.logentry",
    "pk": 46,
    "fields": {
        "action_time": "2017-05-23T19:19:43.780Z",
        "user": [
            "admin"
        ],
        "content_type": [
            "rpp_test_tables",
            "product"
        ],
        "object_id": "9",
        "object_repr": "CiscoCisco Catalyst 6509E  WS-SUP32-GE-3B  Fan Tray (req. P/S)testUser3",
        "action_flag": 3,
        "change_message": ""
    }
},
{
    "model": "admin.logentry",
    "pk": 47,
    "fields": {
        "action_time": "2017-05-23T19:26:47.718Z",
        "user": [
            "admin"
        ],
        "content_type": [
            "rpp_test_tables",
            "contract"
        ],
        "object_id": "8",
        "object_repr": "testUser3Cisco1000.0",
        "action_flag": 3,
        "change_message": ""
    }
},
{
    "model": "admin.logentry",
    "pk": 48,
    "fields": {
        "action_time": "2017-05-23T19:36:40.262Z",
        "user": [
            "admin"
        ],
        "content_type": [
            "rpp_test_tables",
            "contract"
        ],
        "object_id": "12",
        "object_repr": "testUser3Cisco1.0",
        "action_flag": 3,
        "change_message": ""
    }
},
{
    "model": "admin.logentry",
    "pk": 49,
    "fields": {
        "action_time": "2017-05-23T19:36:40.282Z",
        "user": [
            "admin"
        ],
        "content_type": [
            "rpp_test_tables",
            "contract"
        ],
        "object_id": "11",
        "object_repr": "testUser3Cisco15.0",
        "action_flag": 3,
        "change_message": ""
    }
},
{
    "model": "admin.logentry",
    "pk": 50,
    "fields": {
        "action_time": "2017-05-23T19:36:40.293Z",
        "user": [
            "admin"
        ],
        "content_type": [
            "rpp_test_tables",
            "contract"
        ],
        "object_id": "10",
        "object_repr": "testUser3Cisco1000.0",
        "action_flag": 3,
        "change_message": ""
    }
},
{
    "model": "admin.logentry",
    "pk": 51,
    "fields": {
        "action_time": "2017-05-24T14:37:41.210Z",
        "user": [
            "admin"
        ],
        "content_type": [
            "rpp_test_tables",
            "product"
        ],
        "object_id": "12",
        "object_repr": "CiscoCisco 3925 Voice Sec. Bundle  PVDM3-64  UC&SEC Lic FL-CUBE25testUser2",
        "action_flag": 3,
        "change_message": ""
    }
},
{
    "model": "admin.logentry",
    "pk": 52,
    "fields": {
        "action_time": "2017-05-24T14:37:41.220Z",
        "user": [
            "admin"
        ],
        "content_type": [
            "rpp_test_tables",
            "product"
        ],
        "object_id": "11",
        "object_repr": "CiscoCisco Catalyst 6509E  WS-SUP32-GE-3B  Fan Tray (req. P/S)testUser2",
        "action_flag": 3,
        "change_message": ""
    }
},
{
    "model": "admin.logentry",
    "pk": 53,
    "fields": {
        "action_time": "2017-05-26T14:18:09.616Z",
        "user": [
            "admin"
        ],
        "content_type": [
            "rpp_test_tables",
            "contract"
        ],
        "object_id": "13",
        "object_repr": "testUser2Cisco410.0",
        "action_flag": 1,
        "change_message": "[{\"added\": {}}]"
    }
},
{
    "model": "admin.logentry",
    "pk": 54,
    "fields": {
        "action_time": "2017-05-30T14:28:47.560Z",
        "user": [
            "admin"
        ],
        "content_type": [
            "rpp_test_tables",
            "vendor"
        ],
        "object_id": "4",
        "object_repr": "Presidio",
        "action_flag": 1,
        "change_message": "[{\"added\": {}}]"
    }
},
{
    "model": "admin.logentry",
    "pk": 55,
    "fields": {
        "action_time": "2017-05-30T15:09:32.682Z",
        "user": [
            "admin"
        ],
        "content_type": [
            "auth",
            "user"
        ],
        "object_id": "6",
        "object_repr": "retAnalyst",
        "action_flag": 1,
        "change_message": "[{\"added\": {}}]"
    }
},
{
    "model": "admin.logentry",
    "pk": 56,
    "fields": {
        "action_time": "2017-05-30T15:09:51.323Z",
        "user": [
            "admin"
        ],
        "content_type": [
            "rpp_test_tables",
            "retentionanalyst"
        ],
        "object_id": "1",
        "object_repr": "RetentionAnalyst object",
        "action_flag": 1,
        "change_message": "[{\"added\": {}}]"
    }
},
{
    "model": "admin.logentry",
    "pk": 57,
    "fields": {
        "action_time": "2017-05-30T15:31:32.479Z",
        "user": [
            "admin"
        ],
        "content_type": [
            "rpp_test_tables",
            "salesaccount"
        ],
        "object_id": "1",
        "object_repr": "SalesAccount object",
        "action_flag": 2,
        "change_message": "[]"
    }
},
{
    "model": "admin.logentry",
    "pk": 58,
    "fields": {
        "action_time": "2017-05-30T16:14:43.577Z",
        "user": [
            "admin"
        ],
        "content_type": [
            "auth",
            "user"
        ],
        "object_id": "7",
        "object_repr": "salesAccount2",
        "action_flag": 1,
        "change_message": "[{\"added\": {}}]"
    }
},
{
    "model": "admin.logentry",
    "pk": 59,
    "fields": {
        "action_time": "2017-05-30T16:15:15.889Z",
        "user": [
            "admin"
        ],
        "content_type": [
            "rpp_test_tables",
            "salesaccount"
        ],
        "object_id": "2",
        "object_repr": "SalesAccount object",
        "action_flag": 1,
        "change_message": "[{\"added\": {}}]"
    }
},
{
    "model": "admin.logentry",
    "pk": 60,
    "fields": {
        "action_time": "2017-05-31T13:29:15.613Z",
        "user": [
            "admin"
        ],
        "content_type": [
            "auth",
            "group"
        ],
        "object_id": "1",
        "object_repr": "Sales",
        "action_flag": 1,
        "change_message": "[{\"added\": {}}]"
    }
},
{
    "model": "admin.logentry",
    "pk": 61,
    "fields": {
        "action_time": "2017-05-31T13:29:38.553Z",
        "user": [
            "admin"
        ],
        "content_type": [
            "auth",
            "user"
        ],
        "object_id": "3",
        "object_repr": "testSales",
        "action_flag": 2,
        "change_message": "[]"
    }
},
{
    "model": "admin.logentry",
    "pk": 62,
    "fields": {
        "action_time": "2017-05-31T13:30:12.882Z",
        "user": [
            "admin"
        ],
        "content_type": [
            "auth",
            "user"
        ],
        "object_id": "7",
        "object_repr": "salesAccount2",
        "action_flag": 2,
        "change_message": "[]"
    }
},
{
    "model": "admin.logentry",
    "pk": 63,
    "fields": {
        "action_time": "2017-05-31T14:05:45.792Z",
        "user": [
            "admin"
        ],
        "content_type": [
            "auth",
            "user"
        ],
        "object_id": "8",
        "object_repr": "abcd",
        "action_flag": 3,
        "change_message": ""
    }
},
{
    "model": "admin.logentry",
    "pk": 64,
    "fields": {
        "action_time": "2017-05-31T14:20:20.367Z",
        "user": [
            "admin"
        ],
        "content_type": [
            "auth",
            "group"
        ],
        "object_id": "2",
        "object_repr": "Client",
        "action_flag": 1,
        "change_message": "[{\"added\": {}}]"
    }
},
{
    "model": "admin.logentry",
    "pk": 65,
    "fields": {
        "action_time": "2017-05-31T14:29:16.737Z",
        "user": [
            "admin"
        ],
        "content_type": [
            "rpp_test_tables",
            "client"
        ],
        "object_id": "4",
        "object_repr": "Client object",
        "action_flag": 3,
        "change_message": ""
    }
},
{
    "model": "admin.logentry",
    "pk": 66,
    "fields": {
        "action_time": "2017-05-31T14:29:31.704Z",
        "user": [
            "admin"
        ],
        "content_type": [
            "auth",
            "user"
        ],
        "object_id": "9",
        "object_repr": "abcd",
        "action_flag": 3,
        "change_message": ""
    }
},
{
    "model": "admin.logentry",
    "pk": 67,
    "fields": {
        "action_time": "2017-05-31T14:29:31.708Z",
        "user": [
            "admin"
        ],
        "content_type": [
            "auth",
            "user"
        ],
        "object_id": "10",
        "object_repr": "qqqq",
        "action_flag": 3,
        "change_message": ""
    }
},
{
    "model": "admin.logentry",
    "pk": 68,
    "fields": {
        "action_time": "2017-05-31T14:42:22.124Z",
        "user": [
            "admin"
        ],
        "content_type": [
            "auth",
            "user"
        ],
        "object_id": "11",
        "object_repr": "abcd",
        "action_flag": 3,
        "change_message": ""
    }
},
{
    "model": "admin.logentry",
    "pk": 69,
    "fields": {
        "action_time": "2017-05-31T14:48:44.259Z",
        "user": [
            "admin"
        ],
        "content_type": [
            "auth",
            "user"
        ],
        "object_id": "12",
        "object_repr": "abcd",
        "action_flag": 3,
        "change_message": ""
    }
},
{
    "model": "admin.logentry",
    "pk": 70,
    "fields": {
        "action_time": "2017-05-31T14:48:44.262Z",
        "user": [
            "admin"
        ],
        "content_type": [
            "auth",
            "user"
        ],
        "object_id": "15",
        "object_repr": "ppp",
        "action_flag": 3,
        "change_message": ""
    }
},
{
    "model": "admin.logentry",
    "pk": 71,
    "fields": {
        "action_time": "2017-05-31T14:48:44.266Z",
        "user": [
            "admin"
        ],
        "content_type": [
            "auth",
            "user"
        ],
        "object_id": "13",
        "object_repr": "qqq",
        "action_flag": 3,
        "change_message": ""
    }
},
{
    "model": "admin.logentry",
    "pk": 72,
    "fields": {
        "action_time": "2017-05-31T14:48:44.269Z",
        "user": [
            "admin"
        ],
        "content_type": [
            "auth",
            "user"
        ],
        "object_id": "14",
        "object_repr": "qqq11",
        "action_flag": 3,
        "change_message": ""
    }
},
{
    "model": "admin.logentry",
    "pk": 73,
    "fields": {
        "action_time": "2017-05-31T16:14:55.016Z",
        "user": [
            "admin"
        ],
        "content_type": [
            "auth",
            "group"
        ],
        "object_id": "3",
        "object_repr": "retention_analyst",
        "action_flag": 1,
        "change_message": "[{\"added\": {}}]"
    }
},
{
    "model": "admin.logentry",
    "pk": 74,
    "fields": {
        "action_time": "2017-05-31T17:53:57.761Z",
        "user": [
            "admin"
        ],
        "content_type": [
            "auth",
            "user"
        ],
        "object_id": "16",
        "object_repr": "aaaa",
        "action_flag": 3,
        "change_message": ""
    }
},
{
    "model": "admin.logentry",
    "pk": 75,
    "fields": {
        "action_time": "2017-05-31T17:53:57.769Z",
        "user": [
            "admin"
        ],
        "content_type": [
            "auth",
            "user"
        ],
        "object_id": "17",
        "object_repr": "wwww",
        "action_flag": 3,
        "change_message": ""
    }
},
{
    "model": "admin.logentry",
    "pk": 76,
    "fields": {
        "action_time": "2017-06-01T19:30:33.576Z",
        "user": [
            "admin"
        ],
        "content_type": [
            "auth",
            "user"
        ],
        "object_id": "18",
        "object_repr": "aaaaa",
        "action_flag": 3,
        "change_message": ""
    }
},
{
    "model": "admin.logentry",
    "pk": 77,
    "fields": {
        "action_time": "2017-06-02T14:12:24.128Z",
        "user": [
            "admin"
        ],
        "content_type": [
            "auth",
            "group"
        ],
        "object_id": "1",
        "object_repr": "Sales",
        "action_flag": 2,
        "change_message": "[]"
    }
},
{
    "model": "admin.logentry",
    "pk": 78,
    "fields": {
        "action_time": "2017-06-02T14:32:32.844Z",
        "user": [
            "admin"
        ],
        "content_type": [
            "rpp_test_tables",
            "vendor"
        ],
        "object_id": "4",
        "object_repr": "Presidio",
        "action_flag": 2,
        "change_message": "[{\"changed\": {\"fields\": [\"website\", \"phone\"]}}]"
    }
},
{
    "model": "admin.logentry",
    "pk": 79,
    "fields": {
        "action_time": "2017-06-02T14:32:46.897Z",
        "user": [
            "admin"
        ],
        "content_type": [
            "rpp_test_tables",
            "vendor"
        ],
        "object_id": "3",
        "object_repr": "Verizon",
        "action_flag": 2,
        "change_message": "[{\"changed\": {\"fields\": [\"website\", \"phone\"]}}]"
    }
},
{
    "model": "admin.logentry",
    "pk": 80,
    "fields": {
        "action_time": "2017-06-02T14:33:02.923Z",
        "user": [
            "admin"
        ],
        "content_type": [
            "rpp_test_tables",
            "vendor"
        ],
        "object_id": "2",
        "object_repr": "IBM",
        "action_flag": 2,
        "change_message": "[{\"changed\": {\"fields\": [\"website\", \"phone\"]}}]"
    }
},
{
    "model": "admin.logentry",
    "pk": 81,
    "fields": {
        "action_time": "2017-06-02T14:33:20.943Z",
        "user": [
            "admin"
        ],
        "content_type": [
            "rpp_test_tables",
            "vendor"
        ],
        "object_id": "1",
        "object_repr": "Cisco",
        "action_flag": 2,
        "change_message": "[{\"changed\": {\"fields\": [\"website\", \"phone\"]}}]"
    }
},
{
    "model": "admin.logentry",
    "pk": 82,
    "fields": {
        "action_time": "2017-06-02T14:37:51.738Z",
        "user": [
            "admin"
        ],
        "content_type": [
            "rpp_test_tables",
            "partnumber"
        ],
        "object_id": "11",
        "object_repr": "Cisco 12415",
        "action_flag": 2,
        "change_message": "[{\"changed\": {\"fields\": [\"num\"]}}]"
    }
},
{
    "model": "admin.logentry",
    "pk": 83,
    "fields": {
        "action_time": "2017-06-02T14:37:57.876Z",
        "user": [
            "admin"
        ],
        "content_type": [
            "rpp_test_tables",
            "partnumber"
        ],
        "object_id": "10",
        "object_repr": "Cisco 0519512",
        "action_flag": 2,
        "change_message": "[{\"changed\": {\"fields\": [\"num\"]}}]"
    }
},
{
    "model": "admin.logentry",
    "pk": 84,
    "fields": {
        "action_time": "2017-06-02T14:38:03.374Z",
        "user": [
            "admin"
        ],
        "content_type": [
            "rpp_test_tables",
            "partnumber"
        ],
        "object_id": "9",
        "object_repr": "Cisco 16935",
        "action_flag": 2,
        "change_message": "[{\"changed\": {\"fields\": [\"num\"]}}]"
    }
},
{
    "model": "admin.logentry",
    "pk": 85,
    "fields": {
        "action_time": "2017-06-02T14:38:14.644Z",
        "user": [
            "admin"
        ],
        "content_type": [
            "rpp_test_tables",
            "partnumber"
        ],
        "object_id": "8",
        "object_repr": "Cisco 57155",
        "action_flag": 2,
        "change_message": "[{\"changed\": {\"fields\": [\"num\"]}}]"
    }
},
{
    "model": "admin.logentry",
    "pk": 86,
    "fields": {
        "action_time": "2017-06-02T14:38:22.429Z",
        "user": [
            "admin"
        ],
        "content_type": [
            "rpp_test_tables",
            "partnumber"
        ],
        "object_id": "7",
        "object_repr": "Cisco 24116",
        "action_flag": 2,
        "change_message": "[{\"changed\": {\"fields\": [\"num\"]}}]"
    }
},
{
    "model": "admin.logentry",
    "pk": 87,
    "fields": {
        "action_time": "2017-06-02T14:38:30.430Z",
        "user": [
            "admin"
        ],
        "content_type": [
            "rpp_test_tables",
            "partnumber"
        ],
        "object_id": "6",
        "object_repr": "Cisco 991012",
        "action_flag": 2,
        "change_message": "[{\"changed\": {\"fields\": [\"num\"]}}]"
    }
},
{
    "model": "admin.logentry",
    "pk": 88,
    "fields": {
        "action_time": "2017-06-02T14:38:36.929Z",
        "user": [
            "admin"
        ],
        "content_type": [
            "rpp_test_tables",
            "partnumber"
        ],
        "object_id": "5",
        "object_repr": "Cisco 581616",
        "action_flag": 2,
        "change_message": "[{\"changed\": {\"fields\": [\"num\"]}}]"
    }
},
{
    "model": "admin.logentry",
    "pk": 89,
    "fields": {
        "action_time": "2017-06-02T14:38:42.843Z",
        "user": [
            "admin"
        ],
        "content_type": [
            "rpp_test_tables",
            "partnumber"
        ],
        "object_id": "4",
        "object_repr": "Cisco 61235",
        "action_flag": 2,
        "change_message": "[{\"changed\": {\"fields\": [\"num\"]}}]"
    }
},
{
    "model": "admin.logentry",
    "pk": 90,
    "fields": {
        "action_time": "2017-06-02T14:38:50.758Z",
        "user": [
            "admin"
        ],
        "content_type": [
            "rpp_test_tables",
            "partnumber"
        ],
        "object_id": "3",
        "object_repr": "Cisco 930123",
        "action_flag": 2,
        "change_message": "[{\"changed\": {\"fields\": [\"num\"]}}]"
    }
},
{
    "model": "admin.logentry",
    "pk": 91,
    "fields": {
        "action_time": "2017-06-02T14:38:58.830Z",
        "user": [
            "admin"
        ],
        "content_type": [
            "rpp_test_tables",
            "partnumber"
        ],
        "object_id": "2",
        "object_repr": "Cisco 59291",
        "action_flag": 2,
        "change_message": "[{\"changed\": {\"fields\": [\"num\"]}}]"
    }
},
{
    "model": "admin.logentry",
    "pk": 92,
    "fields": {
        "action_time": "2017-06-02T14:46:11.153Z",
        "user": [
            "admin"
        ],
        "content_type": [
            "rpp_test_tables",
            "manufacturer"
        ],
        "object_id": "3",
        "object_repr": "Verizon",
        "action_flag": 2,
        "change_message": "[{\"changed\": {\"fields\": [\"website\"]}}]"
    }
},
{
    "model": "admin.logentry",
    "pk": 93,
    "fields": {
        "action_time": "2017-06-02T14:46:26.597Z",
        "user": [
            "admin"
        ],
        "content_type": [
            "rpp_test_tables",
            "manufacturer"
        ],
        "object_id": "2",
        "object_repr": "IBM",
        "action_flag": 2,
        "change_message": "[{\"changed\": {\"fields\": [\"website\", \"phone\"]}}]"
    }
},
{
    "model": "admin.logentry",
    "pk": 94,
    "fields": {
        "action_time": "2017-06-02T14:46:39.088Z",
        "user": [
            "admin"
        ],
        "content_type": [
            "rpp_test_tables",
            "manufacturer"
        ],
        "object_id": "1",
        "object_repr": "Cisco",
        "action_flag": 2,
        "change_message": "[{\"changed\": {\"fields\": [\"website\", \"phone\"]}}]"
    }
},
{
    "model": "admin.logentry",
    "pk": 95,
    "fields": {
        "action_time": "2017-06-02T19:31:48.401Z",
        "user": [
            "admin"
        ],
        "content_type": [
            "rpp_test_tables",
            "manufacturer"
        ],
        "object_id": "1",
        "object_repr": "Cisco",
        "action_flag": 2,
        "change_message": "[{\"changed\": {\"fields\": [\"logo\"]}}]"
    }
},
{
    "model": "admin.logentry",
    "pk": 96,
    "fields": {
        "action_time": "2017-06-02T19:38:22.936Z",
        "user": [
            "admin"
        ],
        "content_type": [
            "rpp_test_tables",
            "manufacturer"
        ],
        "object_id": "2",
        "object_repr": "IBM",
        "action_flag": 2,
        "change_message": "[{\"changed\": {\"fields\": [\"logo\"]}}]"
    }
},
{
    "model": "admin.logentry",
    "pk": 97,
    "fields": {
        "action_time": "2017-06-02T19:39:15.275Z",
        "user": [
            "admin"
        ],
        "content_type": [
            "rpp_test_tables",
            "manufacturer"
        ],
        "object_id": "3",
        "object_repr": "Verizon",
        "action_flag": 2,
        "change_message": "[{\"changed\": {\"fields\": [\"logo\"]}}]"
    }
},
{
    "model": "admin.logentry",
    "pk": 98,
    "fields": {
        "action_time": "2017-06-06T15:25:54.799Z",
        "user": [
            "admin"
        ],
        "content_type": [
            "auth",
            "user"
        ],
        "object_id": "19",
        "object_repr": "New",
        "action_flag": 3,
        "change_message": ""
    }
},
{
    "model": "admin.logentry",
    "pk": 99,
    "fields": {
        "action_time": "2017-06-06T15:52:19.838Z",
        "user": [
            "admin"
        ],
        "content_type": [
            "auth",
            "user"
        ],
        "object_id": "20",
        "object_repr": "New",
        "action_flag": 3,
        "change_message": ""
    }
},
{
    "model": "admin.logentry",
    "pk": 100,
    "fields": {
        "action_time": "2017-06-06T15:52:19.844Z",
        "user": [
            "admin"
        ],
        "content_type": [
            "auth",
            "user"
        ],
        "object_id": "21",
        "object_repr": "Other",
        "action_flag": 3,
        "change_message": ""
    }
},
{
    "model": "admin.logentry",
    "pk": 101,
    "fields": {
        "action_time": "2017-06-06T16:11:19.995Z",
        "user": [
            "admin"
        ],
        "content_type": [
            "auth",
            "user"
        ],
        "object_id": "22",
        "object_repr": "c",
        "action_flag": 3,
        "change_message": ""
    }
},
{
    "model": "admin.logentry",
    "pk": 102,
    "fields": {
        "action_time": "2017-06-06T18:03:43.176Z",
        "user": [
            "admin"
        ],
        "content_type": [
            "auth",
            "user"
        ],
        "object_id": "23",
        "object_repr": "dasfsdfasdf",
        "action_flag": 3,
        "change_message": ""
    }
},
{
    "model": "admin.logentry",
    "pk": 103,
    "fields": {
        "action_time": "2017-06-12T18:21:12.883Z",
        "user": [
            "admin"
        ],
        "content_type": [
            "rpp_test_tables",
            "vendor"
        ],
        "object_id": "5",
        "object_repr": "a",
        "action_flag": 3,
        "change_message": ""
    }
},
{
    "model": "admin.logentry",
    "pk": 104,
    "fields": {
        "action_time": "2017-06-12T18:32:00.177Z",
        "user": [
            "admin"
        ],
        "content_type": [
            "rpp_test_tables",
            "vendor"
        ],
        "object_id": "6",
        "object_repr": "Another",
        "action_flag": 3,
        "change_message": ""
    }
},
{
    "model": "admin.logentry",
    "pk": 105,
    "fields": {
        "action_time": "2017-06-12T19:17:52.918Z",
        "user": [
            "admin"
        ],
        "content_type": [
            "rpp_test_tables",
            "vendor"
        ],
        "object_id": "2",
        "object_repr": "IBM",
        "action_flag": 2,
        "change_message": "[{\"changed\": {\"fields\": [\"lead_product\"]}}]"
    }
},
{
    "model": "admin.logentry",
    "pk": 106,
    "fields": {
        "action_time": "2017-06-12T19:18:18.080Z",
        "user": [
            "admin"
        ],
        "content_type": [
            "rpp_test_tables",
            "vendor"
        ],
        "object_id": "3",
        "object_repr": "Verizon",
        "action_flag": 2,
        "change_message": "[{\"changed\": {\"fields\": [\"lead_product\"]}}]"
    }
},
{
    "model": "admin.logentry",
    "pk": 107,
    "fields": {
        "action_time": "2017-06-13T13:44:47.465Z",
        "user": [
            "admin"
        ],
        "content_type": [
            "rpp_test_tables",
            "vendor"
        ],
        "object_id": "7",
        "object_repr": "a",
        "action_flag": 3,
        "change_message": ""
    }
},
{
    "model": "admin.logentry",
    "pk": 108,
    "fields": {
        "action_time": "2017-06-13T18:59:40.590Z",
        "user": [
            "admin"
        ],
        "content_type": [
            "rpp_test_tables",
            "partnumber"
        ],
        "object_id": "1",
        "object_repr": "Cisco 34142",
        "action_flag": 2,
        "change_message": "[{\"changed\": {\"fields\": [\"desc\"]}}]"
    }
},
{
    "model": "admin.logentry",
    "pk": 109,
    "fields": {
        "action_time": "2017-06-13T18:59:53.768Z",
        "user": [
            "admin"
        ],
        "content_type": [
            "rpp_test_tables",
            "partnumber"
        ],
        "object_id": "2",
        "object_repr": "Cisco 59291",
        "action_flag": 2,
        "change_message": "[{\"changed\": {\"fields\": [\"desc\"]}}]"
    }
},
{
    "model": "admin.logentry",
    "pk": 110,
    "fields": {
        "action_time": "2017-06-13T19:00:12.451Z",
        "user": [
            "admin"
        ],
        "content_type": [
            "rpp_test_tables",
            "partnumber"
        ],
        "object_id": "3",
        "object_repr": "Cisco 930123",
        "action_flag": 2,
        "change_message": "[{\"changed\": {\"fields\": [\"desc\"]}}]"
    }
},
{
    "model": "admin.logentry",
    "pk": 111,
    "fields": {
        "action_time": "2017-06-13T19:00:23.511Z",
        "user": [
            "admin"
        ],
        "content_type": [
            "rpp_test_tables",
            "partnumber"
        ],
        "object_id": "4",
        "object_repr": "Cisco 61235",
        "action_flag": 2,
        "change_message": "[{\"changed\": {\"fields\": [\"desc\"]}}]"
    }
},
{
    "model": "admin.logentry",
    "pk": 112,
    "fields": {
        "action_time": "2017-06-13T19:00:39.580Z",
        "user": [
            "admin"
        ],
        "content_type": [
            "rpp_test_tables",
            "partnumber"
        ],
        "object_id": "5",
        "object_repr": "Cisco 581616",
        "action_flag": 2,
        "change_message": "[{\"changed\": {\"fields\": [\"desc\"]}}]"
    }
},
{
    "model": "admin.logentry",
    "pk": 113,
    "fields": {
        "action_time": "2017-06-13T19:00:51.538Z",
        "user": [
            "admin"
        ],
        "content_type": [
            "rpp_test_tables",
            "partnumber"
        ],
        "object_id": "6",
        "object_repr": "Cisco 991012",
        "action_flag": 2,
        "change_message": "[{\"changed\": {\"fields\": [\"desc\"]}}]"
    }
},
{
    "model": "admin.logentry",
    "pk": 114,
    "fields": {
        "action_time": "2017-06-13T19:01:08.353Z",
        "user": [
            "admin"
        ],
        "content_type": [
            "rpp_test_tables",
            "partnumber"
        ],
        "object_id": "7",
        "object_repr": "Cisco 24116",
        "action_flag": 2,
        "change_message": "[{\"changed\": {\"fields\": [\"desc\"]}}]"
    }
},
{
    "model": "admin.logentry",
    "pk": 115,
    "fields": {
        "action_time": "2017-06-13T19:01:21.758Z",
        "user": [
            "admin"
        ],
        "content_type": [
            "rpp_test_tables",
            "partnumber"
        ],
        "object_id": "8",
        "object_repr": "Cisco 57155",
        "action_flag": 2,
        "change_message": "[{\"changed\": {\"fields\": [\"desc\"]}}]"
    }
},
{
    "model": "admin.logentry",
    "pk": 116,
    "fields": {
        "action_time": "2017-06-20T14:15:00.100Z",
        "user": [
            "admin"
        ],
        "content_type": [
            "auth",
            "user"
        ],
        "object_id": "26",
        "object_repr": "xxx",
        "action_flag": 1,
        "change_message": "[{\"added\": {}}]"
    }
},
{
    "model": "admin.logentry",
    "pk": 117,
    "fields": {
        "action_time": "2017-06-20T14:16:09.386Z",
        "user": [
            "admin"
        ],
        "content_type": [
            "rpp_test_tables",
            "retentionanalyst"
        ],
        "object_id": "1",
        "object_repr": "1",
        "action_flag": 2,
        "change_message": "[]"
    }
},
{
    "model": "admin.logentry",
    "pk": 118,
    "fields": {
        "action_time": "2017-06-20T14:16:15.308Z",
        "user": [
            "admin"
        ],
        "content_type": [
            "rpp_test_tables",
            "retentionanalyst"
        ],
        "object_id": "1",
        "object_repr": "1",
        "action_flag": 2,
        "change_message": "[]"
    }
},
{
    "model": "admin.logentry",
    "pk": 119,
    "fields": {
        "action_time": "2017-06-20T14:22:07.660Z",
        "user": [
            "admin"
        ],
        "content_type": [
            "rpp_test_tables",
            "retentionanalystuser"
        ],
        "object_id": "1",
        "object_repr": "RetentionAnalystUser object",
        "action_flag": 1,
        "change_message": "[{\"added\": {}}]"
    }
},
{
    "model": "admin.logentry",
    "pk": 120,
    "fields": {
        "action_time": "2017-06-20T14:24:36.512Z",
        "user": [
            "admin"
        ],
        "content_type": [
            "auth",
            "user"
        ],
        "object_id": "27",
        "object_repr": "yyy",
        "action_flag": 1,
        "change_message": "[{\"added\": {}}]"
    }
},
{
    "model": "admin.logentry",
    "pk": 121,
    "fields": {
        "action_time": "2017-06-20T14:25:08.968Z",
        "user": [
            "admin"
        ],
        "content_type": [
            "rpp_test_tables",
            "retentionanalystuser"
        ],
        "object_id": "2",
        "object_repr": "RetentionAnalystUser object",
        "action_flag": 1,
        "change_message": "[{\"added\": {}}]"
    }
},
{
    "model": "admin.logentry",
    "pk": 122,
    "fields": {
        "action_time": "2017-06-20T17:38:49.619Z",
        "user": [
            "admin"
        ],
        "content_type": [
            "rpp_test_tables",
            "retentionanalystuser"
        ],
        "object_id": "5",
        "object_repr": "RetentionAnalystUser object",
        "action_flag": 3,
        "change_message": ""
    }
},
{
    "model": "admin.logentry",
    "pk": 123,
    "fields": {
        "action_time": "2017-06-20T17:38:54.362Z",
        "user": [
            "admin"
        ],
        "content_type": [
            "rpp_test_tables",
            "retentionanalystuser"
        ],
        "object_id": "4",
        "object_repr": "RetentionAnalystUser object",
        "action_flag": 3,
        "change_message": ""
    }
},
{
    "model": "admin.logentry",
    "pk": 124,
    "fields": {
        "action_time": "2017-06-21T13:39:33.332Z",
        "user": [
            "admin"
        ],
        "content_type": [
            "auth",
            "user"
        ],
        "object_id": "32",
        "object_repr": "bbb",
        "action_flag": 3,
        "change_message": ""
    }
},
{
    "model": "admin.logentry",
    "pk": 125,
    "fields": {
        "action_time": "2017-06-21T13:39:33.337Z",
        "user": [
            "admin"
        ],
        "content_type": [
            "auth",
            "user"
        ],
        "object_id": "31",
        "object_repr": "lll",
        "action_flag": 3,
        "change_message": ""
    }
},
{
    "model": "admin.logentry",
    "pk": 126,
    "fields": {
        "action_time": "2017-06-21T13:39:33.341Z",
        "user": [
            "admin"
        ],
        "content_type": [
            "auth",
            "user"
        ],
        "object_id": "28",
        "object_repr": "ppp",
        "action_flag": 3,
        "change_message": ""
    }
},
{
    "model": "admin.logentry",
    "pk": 127,
    "fields": {
        "action_time": "2017-06-21T13:39:33.344Z",
        "user": [
            "admin"
        ],
        "content_type": [
            "auth",
            "user"
        ],
        "object_id": "29",
        "object_repr": "vvv",
        "action_flag": 3,
        "change_message": ""
    }
},
{
    "model": "admin.logentry",
    "pk": 128,
    "fields": {
        "action_time": "2017-06-21T13:39:33.347Z",
        "user": [
            "admin"
        ],
        "content_type": [
            "auth",
            "user"
        ],
        "object_id": "26",
        "object_repr": "xxx",
        "action_flag": 3,
        "change_message": ""
    }
},
{
    "model": "admin.logentry",
    "pk": 129,
    "fields": {
        "action_time": "2017-06-21T13:39:33.350Z",
        "user": [
            "admin"
        ],
        "content_type": [
            "auth",
            "user"
        ],
        "object_id": "27",
        "object_repr": "yyy",
        "action_flag": 3,
        "change_message": ""
    }
},
{
    "model": "admin.logentry",
    "pk": 130,
    "fields": {
        "action_time": "2017-06-21T13:39:52.961Z",
        "user": [
            "admin"
        ],
        "content_type": [
            "auth",
            "user"
        ],
        "object_id": "33",
        "object_repr": "ppp",
        "action_flag": 1,
        "change_message": "[{\"added\": {}}]"
    }
},
{
    "model": "admin.logentry",
    "pk": 131,
    "fields": {
        "action_time": "2017-06-21T13:40:18.116Z",
        "user": [
            "admin"
        ],
        "content_type": [
            "rpp_test_tables",
            "clientuser"
        ],
        "object_id": "1",
        "object_repr": "ClientUser object",
        "action_flag": 1,
        "change_message": "[{\"added\": {}}]"
    }
},
{
    "model": "admin.logentry",
    "pk": 132,
    "fields": {
        "action_time": "2017-06-21T15:10:08.954Z",
        "user": [
            "admin"
        ],
        "content_type": [
            "rpp_test_tables",
            "client"
        ],
        "object_id": "3",
        "object_repr": "Aerotek",
        "action_flag": 2,
        "change_message": "[{\"changed\": {\"fields\": [\"name\"]}}]"
    }
},
{
    "model": "admin.logentry",
    "pk": 133,
    "fields": {
        "action_time": "2017-06-21T15:10:15.072Z",
        "user": [
            "admin"
        ],
        "content_type": [
            "rpp_test_tables",
            "client"
        ],
        "object_id": "3",
        "object_repr": "Aerotek",
        "action_flag": 2,
        "change_message": "[]"
    }
},
{
    "model": "admin.logentry",
    "pk": 134,
    "fields": {
        "action_time": "2017-06-21T15:10:27.419Z",
        "user": [
            "admin"
        ],
        "content_type": [
            "rpp_test_tables",
            "client"
        ],
        "object_id": "1",
        "object_repr": "website.com",
        "action_flag": 2,
        "change_message": "[{\"changed\": {\"fields\": [\"name\"]}}]"
    }
},
{
    "model": "admin.logentry",
    "pk": 135,
    "fields": {
        "action_time": "2017-06-21T15:23:20.488Z",
        "user": [
            "admin"
        ],
        "content_type": [
            "rpp_test_tables",
            "retentionanalyst"
        ],
        "object_id": "1",
        "object_repr": "Tim Quinn",
        "action_flag": 2,
        "change_message": "[{\"changed\": {\"fields\": [\"name\"]}}]"
    }
},
{
    "model": "admin.logentry",
    "pk": 136,
    "fields": {
        "action_time": "2017-06-22T17:07:04.422Z",
        "user": [
            "admin"
        ],
        "content_type": [
            "rpp_test_tables",
            "vendor"
        ],
        "object_id": "5",
        "object_repr": "BMW",
        "action_flag": 3,
        "change_message": ""
    }
},
{
    "model": "admin.logentry",
    "pk": 137,
    "fields": {
        "action_time": "2017-06-22T18:12:30.788Z",
        "user": [
            "admin"
        ],
        "content_type": [
            "rpp_test_tables",
            "clientuser"
        ],
        "object_id": "2",
        "object_repr": "ClientUser object",
        "action_flag": 3,
        "change_message": ""
    }
},
{
    "model": "admin.logentry",
    "pk": 138,
    "fields": {
        "action_time": "2017-06-22T18:12:48.729Z",
        "user": [
            "admin"
        ],
        "content_type": [
            "auth",
            "user"
        ],
        "object_id": "34",
        "object_repr": "bmw_user",
        "action_flag": 3,
        "change_message": ""
    }
},
{
    "model": "admin.logentry",
    "pk": 139,
    "fields": {
        "action_time": "2017-06-22T18:12:48.739Z",
        "user": [
            "admin"
        ],
        "content_type": [
            "auth",
            "user"
        ],
        "object_id": "35",
        "object_repr": "bmw_user2",
        "action_flag": 3,
        "change_message": ""
    }
},
{
    "model": "admin.logentry",
    "pk": 140,
    "fields": {
        "action_time": "2017-06-23T18:24:57.429Z",
        "user": [
            "admin"
        ],
        "content_type": [
            "rpp_test_tables",
            "contract"
        ],
        "object_id": "14",
        "object_repr": "CON-SUSA-C94194IBM100.0",
        "action_flag": 2,
        "change_message": "[{\"changed\": {\"fields\": [\"sale_agent\"]}}]"
    }
},
{
    "model": "admin.logentry",
    "pk": 141,
    "fields": {
        "action_time": "2017-06-23T18:25:09.160Z",
        "user": [
            "admin"
        ],
        "content_type": [
            "rpp_test_tables",
            "contract"
        ],
        "object_id": "3",
        "object_repr": "CON-SUSA-C94194Cisco1000.0",
        "action_flag": 2,
        "change_message": "[{\"changed\": {\"fields\": [\"sale_agent\"]}}]"
    }
},
{
    "model": "admin.logentry",
    "pk": 142,
    "fields": {
        "action_time": "2017-06-23T18:30:28.269Z",
        "user": [
            "admin"
        ],
        "content_type": [
            "rpp_test_tables",
            "product"
        ],
        "object_id": "10",
        "object_repr": "CON-SUSA-C999",
        "action_flag": 2,
        "change_message": "[{\"changed\": {\"fields\": [\"name\"]}}]"
    }
},
{
    "model": "admin.logentry",
    "pk": 143,
    "fields": {
        "action_time": "2017-06-23T18:30:39.765Z",
        "user": [
            "admin"
        ],
        "content_type": [
            "rpp_test_tables",
            "product"
        ],
        "object_id": "4",
        "object_repr": "CON-PP-00R",
        "action_flag": 2,
        "change_message": "[{\"changed\": {\"fields\": [\"name\"]}}]"
    }
},
{
    "model": "admin.logentry",
    "pk": 144,
    "fields": {
        "action_time": "2017-06-23T18:30:53.133Z",
        "user": [
            "admin"
        ],
        "content_type": [
            "rpp_test_tables",
            "product"
        ],
        "object_id": "2",
        "object_repr": "AP-X-4144",
        "action_flag": 2,
        "change_message": "[{\"changed\": {\"fields\": [\"name\"]}}]"
    }
},
{
    "model": "admin.logentry",
    "pk": 145,
    "fields": {
        "action_time": "2017-06-26T13:26:29.056Z",
        "user": [
            "admin"
        ],
        "content_type": [
            "rpp_test_tables",
            "product"
        ],
        "object_id": "14",
        "object_repr": "CISCO X4000",
        "action_flag": 1,
        "change_message": "[{\"added\": {}}]"
    }
},
{
    "model": "admin.logentry",
    "pk": 146,
    "fields": {
        "action_time": "2017-06-26T13:29:05.045Z",
        "user": [
            "admin"
        ],
        "content_type": [
            "rpp_test_tables",
            "contract"
        ],
        "object_id": "15",
        "object_repr": "CISCO X4000Cisco400.0",
        "action_flag": 1,
        "change_message": "[{\"added\": {}}]"
    }
},
{
    "model": "admin.logentry",
    "pk": 147,
    "fields": {
        "action_time": "2017-06-27T14:38:35.040Z",
        "user": [
            "admin"
        ],
        "content_type": [
            "rpp_test_tables",
            "client"
        ],
        "object_id": "1",
        "object_repr": "website.com",
        "action_flag": 2,
        "change_message": "[{\"changed\": {\"fields\": [\"web_admin\", \"web_admin_cell\", \"rate_factor_increase\", \"last_changed_by\", \"email_address_salesperson\"]}}]"
    }
},
{
    "model": "admin.logentry",
    "pk": 148,
    "fields": {
        "action_time": "2017-06-27T14:39:43.791Z",
        "user": [
            "admin"
        ],
        "content_type": [
            "rpp_test_tables",
            "client"
        ],
        "object_id": "3",
        "object_repr": "Aerotek",
        "action_flag": 2,
        "change_message": "[{\"changed\": {\"fields\": [\"web_admin\", \"web_admin_cell\", \"list_discount\", \"list_discount_international\", \"service_discount\", \"rate_factor_increase\", \"email_address_salesperson\"]}}]"
    }
},
{
    "model": "admin.logentry",
    "pk": 149,
    "fields": {
        "action_time": "2017-06-27T14:40:36.753Z",
        "user": [
            "admin"
        ],
        "content_type": [
            "rpp_test_tables",
            "client"
        ],
        "object_id": "2",
        "object_repr": "ESPN",
        "action_flag": 2,
        "change_message": "[{\"changed\": {\"fields\": [\"web_admin\", \"web_admin_cell\", \"correspondence_contact_one\", \"correspondence_contact_two\", \"list_discount\", \"list_discount_international\", \"service_discount\", \"rate_factor_increase\", \"email_address_salesperson\"]}}]"
    }
},
{
    "model": "admin.logentry",
    "pk": 150,
    "fields": {
        "action_time": "2017-06-27T16:26:01.681Z",
        "user": [
            "admin"
        ],
        "content_type": [
            "rpp_test_tables",
            "client"
        ],
        "object_id": "1",
        "object_repr": "website.com",
        "action_flag": 2,
        "change_message": "[{\"changed\": {\"fields\": [\"city\", \"state\", \"website\"]}}]"
    }
},
{
    "model": "admin.logentry",
    "pk": 151,
    "fields": {
        "action_time": "2017-06-27T16:26:28.776Z",
        "user": [
            "admin"
        ],
        "content_type": [
            "rpp_test_tables",
            "client"
        ],
        "object_id": "3",
        "object_repr": "Aerotek",
        "action_flag": 2,
        "change_message": "[{\"changed\": {\"fields\": [\"city\", \"state\", \"website\"]}}]"
    }
},
{
    "model": "admin.logentry",
    "pk": 152,
    "fields": {
        "action_time": "2017-06-27T18:38:01.801Z",
        "user": [
            "admin"
        ],
        "content_type": [
            "rpp_test_tables",
            "salesaccount"
        ],
        "object_id": "13",
        "object_repr": "Test",
        "action_flag": 3,
        "change_message": ""
    }
},
{
    "model": "admin.logentry",
    "pk": 153,
    "fields": {
        "action_time": "2017-06-27T18:38:01.812Z",
        "user": [
            "admin"
        ],
        "content_type": [
            "rpp_test_tables",
            "salesaccount"
        ],
        "object_id": "12",
        "object_repr": "Test",
        "action_flag": 3,
        "change_message": ""
    }
},
{
    "model": "admin.logentry",
    "pk": 154,
    "fields": {
        "action_time": "2017-06-27T18:38:01.834Z",
        "user": [
            "admin"
        ],
        "content_type": [
            "rpp_test_tables",
            "salesaccount"
        ],
        "object_id": "11",
        "object_repr": "Test",
        "action_flag": 3,
        "change_message": ""
    }
},
{
    "model": "admin.logentry",
    "pk": 155,
    "fields": {
        "action_time": "2017-06-27T18:38:01.838Z",
        "user": [
            "admin"
        ],
        "content_type": [
            "rpp_test_tables",
            "salesaccount"
        ],
        "object_id": "10",
        "object_repr": "Test",
        "action_flag": 3,
        "change_message": ""
    }
},
{
    "model": "admin.logentry",
    "pk": 156,
    "fields": {
        "action_time": "2017-06-27T18:38:01.844Z",
        "user": [
            "admin"
        ],
        "content_type": [
            "rpp_test_tables",
            "salesaccount"
        ],
        "object_id": "9",
        "object_repr": "Test",
        "action_flag": 3,
        "change_message": ""
    }
},
{
    "model": "admin.logentry",
    "pk": 157,
    "fields": {
        "action_time": "2017-06-27T18:38:01.854Z",
        "user": [
            "admin"
        ],
        "content_type": [
            "rpp_test_tables",
            "salesaccount"
        ],
        "object_id": "8",
        "object_repr": "Test",
        "action_flag": 3,
        "change_message": ""
    }
},
{
    "model": "admin.logentry",
    "pk": 158,
    "fields": {
        "action_time": "2017-06-27T18:38:01.857Z",
        "user": [
            "admin"
        ],
        "content_type": [
            "rpp_test_tables",
            "salesaccount"
        ],
        "object_id": "7",
        "object_repr": "Test",
        "action_flag": 3,
        "change_message": ""
    }
},
{
    "model": "admin.logentry",
    "pk": 159,
    "fields": {
        "action_time": "2017-06-27T18:38:01.864Z",
        "user": [
            "admin"
        ],
        "content_type": [
            "rpp_test_tables",
            "salesaccount"
        ],
        "object_id": "6",
        "object_repr": "Test",
        "action_flag": 3,
        "change_message": ""
    }
},
{
    "model": "admin.logentry",
    "pk": 160,
    "fields": {
        "action_time": "2017-06-27T18:38:01.869Z",
        "user": [
            "admin"
        ],
        "content_type": [
            "rpp_test_tables",
            "salesaccount"
        ],
        "object_id": "5",
        "object_repr": "Test",
        "action_flag": 3,
        "change_message": ""
    }
},
{
    "model": "admin.logentry",
    "pk": 161,
    "fields": {
        "action_time": "2017-06-27T18:38:01.872Z",
        "user": [
            "admin"
        ],
        "content_type": [
            "rpp_test_tables",
            "salesaccount"
        ],
        "object_id": "4",
        "object_repr": "Test",
        "action_flag": 3,
        "change_message": ""
    }
},
{
    "model": "admin.logentry",
    "pk": 162,
    "fields": {
        "action_time": "2017-06-27T18:38:01.876Z",
        "user": [
            "admin"
        ],
        "content_type": [
            "rpp_test_tables",
            "salesaccount"
        ],
        "object_id": "3",
        "object_repr": "Test",
        "action_flag": 3,
        "change_message": ""
    }
},
{
    "model": "admin.logentry",
    "pk": 163,
    "fields": {
        "action_time": "2017-06-27T19:20:00.584Z",
        "user": [
            "admin"
        ],
        "content_type": [
            "rpp_test_tables",
            "salesaccountlogin"
        ],
        "object_id": "1",
        "object_repr": "SalesAccountLogin object",
        "action_flag": 1,
        "change_message": "[{\"added\": {}}]"
    }
},
{
    "model": "admin.logentry",
    "pk": 164,
    "fields": {
        "action_time": "2017-06-27T19:20:05.799Z",
        "user": [
            "admin"
        ],
        "content_type": [
            "rpp_test_tables",
            "salesaccountlogin"
        ],
        "object_id": "2",
        "object_repr": "SalesAccountLogin object",
        "action_flag": 1,
        "change_message": "[{\"added\": {}}]"
    }
},
{
    "model": "admin.logentry",
    "pk": 165,
    "fields": {
        "action_time": "2017-06-27T19:20:10.265Z",
        "user": [
            "admin"
        ],
        "content_type": [
            "rpp_test_tables",
            "salesaccountlogin"
        ],
        "object_id": "3",
        "object_repr": "SalesAccountLogin object",
        "action_flag": 1,
        "change_message": "[{\"added\": {}}]"
    }
},
{
    "model": "admin.logentry",
    "pk": 166,
    "fields": {
        "action_time": "2017-06-30T14:00:25.433Z",
        "user": [
            "admin"
        ],
        "content_type": [
            "rpp_test_tables",
            "clientuser"
        ],
        "object_id": "4",
        "object_repr": "ClientUser object",
        "action_flag": 1,
        "change_message": "[{\"added\": {}}]"
    }
},
{
    "model": "admin.logentry",
    "pk": 167,
    "fields": {
        "action_time": "2017-06-30T14:00:35.767Z",
        "user": [
            "admin"
        ],
        "content_type": [
            "rpp_test_tables",
            "clientuser"
        ],
        "object_id": "5",
        "object_repr": "ClientUser object",
        "action_flag": 1,
        "change_message": "[{\"added\": {}}]"
    }
},
{
    "model": "admin.logentry",
    "pk": 168,
    "fields": {
        "action_time": "2017-06-30T14:00:49.560Z",
        "user": [
            "admin"
        ],
        "content_type": [
            "rpp_test_tables",
            "clientuser"
        ],
        "object_id": "6",
        "object_repr": "ClientUser object",
        "action_flag": 1,
        "change_message": "[{\"added\": {}}]"
    }
},
{
    "model": "admin.logentry",
    "pk": 169,
    "fields": {
        "action_time": "2017-07-06T16:38:51.075Z",
        "user": [
            "admin"
        ],
        "content_type": [
            "rpp_test_tables",
            "salesuser"
        ],
        "object_id": "2",
        "object_repr": "SalesUser object",
        "action_flag": 1,
        "change_message": "[{\"added\": {}}]"
    }
},
{
    "model": "admin.logentry",
    "pk": 170,
    "fields": {
        "action_time": "2017-07-10T16:45:31.175Z",
        "user": [
            "admin"
        ],
        "content_type": [
            "rpp_test_tables",
            "emaillog"
        ],
        "object_id": "1",
        "object_repr": "EmailLog object",
        "action_flag": 3,
        "change_message": ""
    }
},
{
    "model": "admin.logentry",
    "pk": 171,
    "fields": {
        "action_time": "2017-07-12T19:09:08.032Z",
        "user": [
            "admin"
        ],
        "content_type": [
            "rpp_test_tables",
            "client"
        ],
        "object_id": "5",
        "object_repr": "Test",
        "action_flag": 3,
        "change_message": ""
    }
},
{
    "model": "admin.logentry",
    "pk": 172,
    "fields": {
        "action_time": "2017-07-12T19:54:18.760Z",
        "user": [
            "admin"
        ],
        "content_type": [
            "rpp_test_tables",
            "client"
        ],
        "object_id": "4",
        "object_repr": "BMW",
        "action_flag": 2,
        "change_message": "[]"
    }
},
{
    "model": "admin.logentry",
    "pk": 173,
    "fields": {
        "action_time": "2017-07-13T13:29:49.267Z",
        "user": [
            "admin"
        ],
        "content_type": [
            "auth",
            "user"
        ],
        "object_id": "24",
        "object_repr": "Another",
        "action_flag": 3,
        "change_message": ""
    }
},
{
    "model": "admin.logentry",
    "pk": 174,
    "fields": {
        "action_time": "2017-07-13T13:29:49.271Z",
        "user": [
            "admin"
        ],
        "content_type": [
            "auth",
            "user"
        ],
        "object_id": "37",
        "object_repr": "asfsdfasdf",
        "action_flag": 3,
        "change_message": ""
    }
},
{
    "model": "admin.logentry",
    "pk": 175,
    "fields": {
        "action_time": "2017-07-13T13:29:49.274Z",
        "user": [
            "admin"
        ],
        "content_type": [
            "auth",
            "user"
        ],
        "object_id": "25",
        "object_repr": "new",
        "action_flag": 3,
        "change_message": ""
    }
},
{
    "model": "admin.logentry",
    "pk": 176,
    "fields": {
        "action_time": "2017-07-13T13:29:49.277Z",
        "user": [
            "admin"
        ],
        "content_type": [
            "auth",
            "user"
        ],
        "object_id": "33",
        "object_repr": "ppp",
        "action_flag": 3,
        "change_message": ""
    }
},
{
    "model": "admin.logentry",
    "pk": 177,
    "fields": {
        "action_time": "2017-07-13T13:29:49.280Z",
        "user": [
            "admin"
        ],
        "content_type": [
            "auth",
            "user"
        ],
        "object_id": "38",
        "object_repr": "sadgsdg",
        "action_flag": 3,
        "change_message": ""
    }
},
{
    "model": "admin.logentry",
    "pk": 178,
    "fields": {
        "action_time": "2017-07-13T13:29:49.283Z",
        "user": [
            "admin"
        ],
        "content_type": [
            "auth",
            "user"
        ],
        "object_id": "30",
        "object_repr": "ttt",
        "action_flag": 3,
        "change_message": ""
    }
},
{
    "model": "admin.logentry",
    "pk": 179,
    "fields": {
        "action_time": "2017-07-13T13:30:13.793Z",
        "user": [
            "admin"
        ],
        "content_type": [
            "auth",
            "user"
        ],
        "object_id": "5",
        "object_repr": "testUser3",
        "action_flag": 3,
        "change_message": ""
    }
},
{
    "model": "admin.logentry",
    "pk": 180,
    "fields": {
        "action_time": "2017-07-17T19:21:43.842Z",
        "user": [
            "admin"
        ],
        "content_type": [
            "rpp_test_tables",
            "product"
        ],
        "object_id": "16",
        "object_repr": "CISCO X5000",
        "action_flag": 2,
        "change_message": "[{\"changed\": {\"fields\": [\"name\"]}}]"
    }
},
{
    "model": "admin.logentry",
    "pk": 181,
    "fields": {
        "action_time": "2017-07-20T13:28:23.868Z",
        "user": [
            "admin"
        ],
        "content_type": [
            "rpp_test_tables",
            "contractnumber"
        ],
        "object_id": "1",
        "object_repr": "ContractNumber object",
        "action_flag": 1,
        "change_message": "[{\"added\": {}}]"
    }
},
{
    "model": "admin.logentry",
    "pk": 182,
    "fields": {
        "action_time": "2017-07-20T14:58:01.995Z",
        "user": [
            "admin"
        ],
        "content_type": [
            "rpp_test_tables",
            "contractnumber"
        ],
        "object_id": "1",
        "object_repr": "ContractNumber object",
        "action_flag": 2,
        "change_message": "[]"
    }
}
]
